t,x,y,z,vx,vy,vz,v_cmd_x,v_cmd_y,v_des_x,v_des_y,h,correction,goal_distance,cbf_enabled
0.0006351470947265625,-0.003877046052366495,-0.021109672263264656,-0.0028670281171798706,-0.011664150282740593,-0.018727371469140053,0.010150236077606678,0.331709224907764,0.11166463231968474,0.331709224907764,0.11166463231968474,7.701222926063354,0.0,6.334936770910237,True
0.05074667930603027,-0.004189742263406515,-0.021523883566260338,-0.0024079084396362305,-0.011368384584784508,-0.018829450011253357,0.010265608318150043,0.3317040637466274,0.11167996281326971,0.3317040637466274,0.11167996281326971,7.703119285084448,0.0,6.335365283306869,True
0.1008143424987793,-0.004511223174631596,-0.021705463528633118,-0.001904413104057312,-0.011109951883554459,-0.018663039430975914,0.01033517811447382,0.33170283850642074,0.11168360187056699,0.33170283850642074,0.11168360187056699,7.705058817329313,0.0,6.335727899025623,True
0.15084123611450195,-0.004792461171746254,-0.021537447348237038,-0.001606673002243042,-0.010851606726646423,-0.01820317469537258,0.010277772322297096,0.3317072269248576,0.11167056732112093,0.3317072269248576,0.11167056732112093,7.70674159635284,0.0,6.335940826173826,True
0.20136570930480957,-0.005057965870946646,-0.021202024072408676,-0.0013563483953475952,-0.01054562907665968,-0.01741502434015274,0.010095867328345776,0.3317143219632404,0.11164948994271155,0.3317143219632404,0.11164948994271155,7.708322904069199,0.0,6.336085447307708,True
0.2509884834289551,-0.00530568603426218,-0.020762568339705467,-0.0011307299137115479,-0.010394768789410591,-0.01669691875576973,0.009955136105418205,0.33172305245965417,0.1116235479943615,0.33172305245965417,0.1116235479943615,7.7097933507539285,0.0,6.3361800590196555,True
0.3011741638183594,-0.005548612680286169,-0.020102931186556816,-0.0009216815233230591,-0.010133658535778522,-0.015765883028507233,0.009754665195941925,0.33173542914831533,0.11158676018140792,0.33173542914831533,0.11158676018140792,7.7112265910266835,0.0,6.3361999646361085,True
0.35117411613464355,-0.005780471954494715,-0.0193424504250288,-0.0008689612150192261,-0.010057643987238407,-0.014806760475039482,0.009569782763719559,0.33174942233719357,0.11154515130178606,0.33174942233719357,0.11154515130178606,7.712590375971429,0.0,6.336177318336231,True
0.40135884284973145,-0.006160991732031107,-0.01842847280204296,-0.0010064542293548584,-0.010190923698246479,-0.013772590085864067,0.009409661404788494,0.33176680414151566,0.11149344227229312,0.3317668041415157,0.11149344227229313,7.714843516821125,0.0,6.336246787998514,True
0.45134711265563965,-0.006598249543458223,-0.017612911760807037,-0.0012389421463012695,-0.010409659706056118,-0.01282748393714428,0.009068802930414677,0.3317828543916736,0.11144567076254452,0.3317828543916736,0.11144567076254452,7.717443248818482,0.0,6.33640153345118,True
0.5014693737030029,-0.007267019245773554,-0.01684637926518917,-0.0015612393617630005,-0.010986680164933205,-0.012181258760392666,0.008635872043669224,0.3317993752564861,0.11139647471713586,0.3317993752564861,0.11139647471713586,7.7214387255377055,0.0,6.336791487659437,True
0.5514841079711914,-0.007917983457446098,-0.016355015337467194,-0.0018104463815689087,-0.011405020020902157,-0.011801907792687416,0.00821977760642767,0.3318112033745342,0.11136123793826774,0.3318112033745342,0.11136123793826774,7.725338081733398,0.0,6.337252247135815,True
0.6016271114349365,-0.008717896416783333,-0.016055047512054443,-0.0021725594997406006,-0.011851219460368156,-0.011712413281202316,0.008051430806517601,0.3318206708425593,0.1113330247572295,0.3318206708425593,0.1113330247572295,7.730141144769249,0.0,6.337915170883733,True
0.6516201496124268,-0.009721007198095322,-0.015977879986166954,-0.0025995969772338867,-0.012603729963302612,-0.011820647865533829,0.007879436016082764,0.33182755941984626,0.111312491704518,0.33182755941984626,0.111312491704518,7.73617583381837,0.0,6.338841644729075,True
0.7017209529876709,-0.011242625303566456,-0.01616353541612625,-0.0028948187828063965,-0.013873881660401821,-0.01214500330388546,0.007809833157807589,0.33183296481657365,0.11129637667526558,0.33183296481657365,0.11129637667526558,7.745343408322265,0.0,6.340343311036727,True
0.751762866973877,-0.012678688392043114,-0.01656373031437397,-0.0030475854873657227,-0.015167634934186935,-0.012746106833219528,0.007716228254139423,0.33183432015763364,0.11129233560996508,0.33183432015763364,0.11129233560996508,7.754007236653528,0.0,6.341832092405418,True
0.8018221855163574,-0.012678688392043114,-0.01656373031437397,-0.0030475854873657227,-0.015167634934186935,-0.012746106833219528,0.007716228254139423,0.33183432015763364,0.11129233560996508,0.33183432015763364,0.11129233560996508,7.754007236653528,0.0,6.341832092405418,True
0.851914644241333,-0.014100096188485622,-0.017092932015657425,-0.0032134801149368286,-0.01646309718489647,-0.013437408953905106,0.007784864865243435,0.33183344714700197,0.11129493858454587,0.33183344714700197,0.11129493858454587,7.76259155816833,0.0,6.343348001123845,True
0.9019973278045654,-0.015438057482242584,-0.017630724236369133,-0.003419220447540283,-0.01762465201318264,-0.014320488087832928,0.00767080532386899,0.3318319661862541,0.11129935407254031,0.3318319661862541,0.11129935407254031,7.770677520949379,0.0,6.344787527001067,True
0.9520754814147949,-0.01672728918492794,-0.0181664377450943,-0.003593653440475464,-0.018465297296643257,-0.015032379887998104,0.007577958982437849,0.33183024861406113,0.11130447477406441,0.33183024861406113,0.11130447477406441,7.77847355677339,0.0,6.34618019306601,True
1.0022094249725342,-0.017575349658727646,-0.0183735229074955,-0.0037650763988494873,-0.018844906240701675,-0.01527251023799181,0.0073897638358175755,0.33183153505317414,0.11130063946022063,0.3318315350531742,0.11130063946022065,7.783598577212025,0.0,6.347050083841656,True
1.0522634983062744,-0.017575349658727646,-0.0183735229074955,-0.0037650763988494873,-0.018844906240701675,-0.01527251023799181,0.0073897638358175755,0.33183153505317414,0.11130063946022063,0.3318315350531742,0.11130063946022065,7.783598577212025,0.0,6.347050083841656,True
1.1023509502410889,-0.018146688118577003,-0.018387537449598312,-0.003973096609115601,-0.018799392506480217,-0.015227129682898521,0.007175503298640251,0.3318344877055006,0.11129183604033112,0.3318344877055006,0.11129183604033112,7.787047532534595,0.0,6.347596223063062,True
1.1524507999420166,-0.018472088500857353,-0.01825251244008541,-0.004265904426574707,-0.018335850909352303,-0.015052401460707188,0.007023399695754051,0.33183854595142503,0.11127973499628749,0.33183854595142503,0.11127973499628749,7.789006903269103,0.0,6.347861804106528,True
1.2025227546691895,-0.01873648352921009,-0.018037645146250725,-0.004707351326942444,-0.017869336530566216,-0.014762491919100285,0.0066827344708144665,0.3318435903297318,0.11126469142128192,0.3318435903297319,0.11126469142128195,7.790595313632723,0.0,6.348044170876017,True
1.2526171207427979,-0.01893622800707817,-0.017591144889593124,-0.0052119046449661255,-0.01741115190088749,-0.014248795807361603,0.006325466558337212,0.3318521222658247,0.11123924194126869,0.3318521222658247,0.11123924194126869,7.7917853971521325,0.0,6.348091630147833,True
1.3027524948120117,-0.01903640106320381,-0.016955310478806496,-0.0058500319719314575,-0.016787976026535034,-0.013522620312869549,0.005848272703588009,0.33186324286471536,0.1112060611446827,0.33186324286471536,0.1112060611446827,7.792368273498095,0.0,6.347984555887998,True
1.3528401851654053,-0.019081635400652885,-0.016278866678476334,-0.006473109126091003,-0.016072135418653488,-0.012598836794495583,0.005388325080275536,0.3318747292807957,0.11117177728541768,0.3318747292807957,0.11117177728541768,7.792618922713817,0.0,6.347812552512215,True
1.4028172492980957,-0.019026808440685272,-0.015576177276670933,-0.007187113165855408,-0.014905084855854511,-0.011679314076900482,0.005063716787844896,0.3318860922162918,0.11113785040839601,0.3318860922162918,0.11113785040839601,7.792265487382105,0.0,6.34753740021537,True
1.4528756141662598,-0.01877679117023945,-0.015060992911458015,-0.0076485127210617065,-0.0139272790402174,-0.011076543480157852,0.004945303313434124,0.3318932553921716,0.1111164570402905,0.3318932553921716,0.1111164570402905,7.790740148415567,0.0,6.347136745579288,True
1.502962350845337,-0.01841612160205841,-0.014665457420051098,-0.00787121057510376,-0.013153164647519588,-0.01073586568236351,0.00499515188857913,0.3318978171167164,0.11110283071622717,0.3318978171167164,0.11110283071622717,7.7885509587885515,0.0,6.346669167215281,True
1.5531165599822998,-0.01800117827951908,-0.014228359796106815,-0.007837191224098206,-0.012311187572777271,-0.010077604092657566,0.004979394376277924,0.3319027673301816,0.1110880418342466,0.3319027673301816,0.1110880418342466,7.786033558319053,0.0,6.346136940468634,True
1.6031315326690674,-0.017383089289069176,-0.013577460311353207,-0.007353007793426514,-0.011155669577419758,-0.009407983161509037,0.0052842493169009686,0.3319101382057795,0.11106601710793589,0.3319101382057795,0.11106601710793589,7.782285054956153,0.0,6.345344232737573,True
1.6532459259033203,-0.016704969108104706,-0.012907491065561771,-0.006652712821960449,-0.009847168810665607,-0.008630066178739071,0.005718940403312445,0.3319174926330398,0.11104403668903577,0.3319174926330398,0.11104403668903577,7.77817547396714,0.0,6.344488572996094,True
1.7033162117004395,-0.015903960913419724,-0.012212862260639668,-0.005885466933250427,-0.008471434935927391,-0.007985439151525497,0.006012171506881714,0.33192457465292535,0.11102286584967322,0.33192457465292535,0.11102286584967322,7.773325855457852,0.0,6.343508577276532,True
1.7534687519073486,-0.014975744299590588,-0.011481235735118389,-0.005143716931343079,-0.007027211599051952,-0.0072433254681527615,0.006425556726753712,0.33193156552039493,0.11100196309606286,0.33193156552039493,0.11100196309606286,7.767710557488876,0.0,6.342396232200169,True
1.8034849166870117,-0.013734856620430946,-0.010511581785976887,-0.0041075944900512695,-0.005272457841783762,-0.006321103312075138,0.007075625006109476,0.33194077325437876,0.11097442521268173,0.33194077325437876,0.11097442521268173,7.760208279360613,0.0,6.340911901787242,True
1.8535897731781006,-0.01250399835407734,-0.009539016522467136,-0.0030896663665771484,-0.0035757115110754967,-0.005463416688144207,0.007616311777383089,0.33195008697723577,0.11094656261374483,0.33195008697723577,0.11094656261374483,7.752771332935518,0.0,6.339436204359963,True
1.9036486148834229,-0.01250399835407734,-0.009539016522467136,-0.0030896663665771484,-0.0035757115110754967,-0.005463416688144207,0.007616311777383089,0.33195008697723577,0.11094656261374483,0.33195008697723577,0.11094656261374483,7.752771332935518,0.0,6.339436204359963,True
1.95369553565979,-0.009883956983685493,-0.007276851683855057,-0.0013897120952606201,0.0002907676971517503,-0.003687869757413864,0.008338183164596558,0.33197310485312964,0.11087766977247034,0.33197310485312964,0.11087766977247034,7.736954387078196,0.0,6.336234334028037,True
2.003842353820801,-0.009883956983685493,-0.007276851683855057,-0.0013897120952606201,0.0002907676971517503,-0.003687869757413864,0.008338183164596558,0.33197310485312964,0.11087766977247034,0.33197310485312964,0.11087766977247034,7.736954387078196,0.0,6.336234334028037,True
2.0538382530212402,-0.007071701809763908,-0.00514955772086978,-0.0002355426549911499,0.0041572535410523415,-0.0025080484338104725,0.008382373489439487,0.33199282826173143,0.11081859944421105,0.33199282826173143,0.11081859944421105,7.72000673776979,0.0,6.332893112907548,True
2.103916645050049,-0.007071701809763908,-0.00514955772086978,-0.0002355426549911499,0.0041572535410523415,-0.0025080484338104725,0.008382373489439487,0.33199282826173143,0.11081859944421105,0.33199282826173143,0.11081859944421105,7.72000673776979,0.0,6.332893112907548,True
2.1539878845214844,-0.005816411692649126,-0.004665296990424395,0.00012142956256866455,0.005985635332763195,-0.002625887980684638,0.008568069897592068,0.3319939114869066,0.11081535424129638,0.3319939114869066,0.11081535424129638,7.712454065796882,0.0,6.331549077746652,True
2.20405912399292,-0.004634084179997444,-0.004408484324812889,0.0003046095371246338,0.00494008231908083,-0.0007592980982735753,0.00854022428393364,0.3319916227177662,0.11082221097426413,0.3319916227177662,0.11082221097426413,7.705345414550214,0.0,6.33034626674793,True
2.2541491985321045,-0.0035778535529971123,-0.003930809907615185,0.00021579861640930176,0.0004913926823064685,0.01288710068911314,0.003412041813135147,0.3319937003138122,0.11081598689693928,0.33199370031381226,0.11081598689693929,7.6989953736205585,0.0,6.329193134560597,True
2.304213047027588,-0.0029352863784879446,-0.0029186629690229893,-0.00041513144969940186,0.001814922085031867,0.02711598016321659,-0.005336661357432604,0.3320069474599327,0.11077629186038629,0.3320069474599327,0.11077629186038629,7.695128852770578,0.0,6.328263207462029,True
2.3543453216552734,-0.002355460077524185,-0.0010606696596369147,-0.001755058765411377,0.008455251343548298,0.04251163452863693,-0.017641179263591766,0.3320345817823353,0.11069343476751307,0.33203458178233536,0.11069343476751309,7.69163943367745,0.0,6.327125324567322,True
2.4044108390808105,-0.001358132460154593,0.0017830339493229985,-0.004101112484931946,0.02125399187207222,0.058036528527736664,-0.03277091681957245,0.3320762491361692,0.11056837142534426,0.3320762491361692,0.11056837142534426,7.685653818494773,0.0,6.325280268688369,True
2.4545109272003174,0.0010588527657091618,0.006434466224163771,-0.008311092853546143,0.045974887907505035,0.08043604344129562,-0.05887582525610924,0.3321400295903013,0.11037663132997742,0.3321400295903013,0.11037663132997742,7.671189406930514,0.0,6.3215186803045675,True
2.504575729370117,0.0046211425215005875,0.01123866718262434,-0.013854354619979858,0.07474834471940994,0.08526395261287689,-0.1001107394695282,0.3322000147990119,0.1101959625736636,0.3322000147990119,0.1101959625736636,7.6499208074692415,0.0,6.316624041654667,True
2.5546555519104004,0.0046211425215005875,0.01123866718262434,-0.013854354619979858,0.07474834471940994,0.08526395261287689,-0.1001107394695282,0.3322000147990119,0.1101959625736636,0.3322000147990119,0.1101959625736636,7.6499208074692415,0.0,6.316624041654667,True
2.6046977043151855,0.01817568577826023,0.021631240844726562,-0.03374987840652466,0.16965840756893158,0.10077746957540512,-0.22595541179180145,0.3322977660007872,0.10990084035568641,0.3322977660007872,0.10990084035568641,7.5692441514644315,0.0,6.300489272541932,True
2.6547787189483643,0.01817568577826023,0.021631240844726562,-0.03374987840652466,0.16965840756893158,0.10077746957540512,-0.22595541179180145,0.3322977660007872,0.10990084035568641,0.3322977660007872,0.10990084035568641,7.5692441514644315,0.0,6.300489272541932,True
2.704893112182617,0.046751365065574646,0.0341796912252903,-0.07379351556301117,0.3023538291454315,0.11951614171266556,-0.41359826922416687,0.33234928323531315,0.10974494946453606,0.33234928323531315,0.10974494946453606,7.400345751034303,0.0,6.269419334814006,True
2.7548935413360596,0.046751365065574646,0.0341796912252903,-0.07379351556301117,0.3023538291454315,0.11951614171266556,-0.41359826922416687,0.33234928323531315,0.10974494946453606,0.33234928323531315,0.10974494946453606,7.400345751034303,0.0,6.269419334814006,True
2.8050620555877686,0.06557644158601761,0.04045148566365242,-0.10042573511600494,0.3646654188632965,0.12469645589590073,-0.5153736472129822,0.33235020987543873,0.1097421432073922,0.33235020987543873,0.1097421432073922,7.289977942867376,0.0,6.249577053745051,True
2.8550832271575928,0.08788516372442245,0.0467229001224041,-0.13290630280971527,0.42411521077156067,0.12543706595897675,-0.6243098378181458,0.33233187999545966,0.10979763903965936,0.33233187999545966,0.10979763903965936,7.1600958490521815,0.0,6.226427006415159,True
2.9053328037261963,0.11779273301362991,0.05366241931915283,-0.17819686233997345,0.4864340126514435,0.12048408389091492,-0.7579380869865417,0.3322823506998551,0.1099474393216072,0.3322823506998551,0.1099474393216072,6.987498385116226,0.0,6.195852831512207,True
2.955252170562744,0.14646431803703308,0.059075869619846344,-0.2237638384103775,0.5319745540618896,0.11078153550624847,-0.8673992156982422,0.33221333609976966,0.11015579565988105,0.33221333609976966,0.11015579565988105,6.8236558466071955,0.0,6.166933310804132,True
3.005488395690918,0.17720718681812286,0.0638648122549057,-0.27478986978530884,0.568579375743866,0.09720274806022644,-0.9584541320800781,0.33212112521312565,0.11043350119944267,0.33212112521312565,0.11043350119944267,6.64973798039561,0.0,6.13624768164285,True
3.055495500564575,0.209541916847229,0.06770528852939606,-0.33128130435943604,0.599151611328125,0.08109310269355774,-1.0850834846496582,0.3320022914471752,0.11079024539112153,0.33200229144717525,0.11079024539112155,6.468740319927486,0.0,6.104356449678092,True
3.1056253910064697,0.24859312176704407,0.07083477079868317,-0.4070267081260681,0.6256267428398132,0.06111392006278038,-1.2691861391067505,0.33183035053237625,0.11130417092616204,0.33183035053237625,0.11130417092616204,6.252757374341722,0.0,6.066329991069124,True
3.155621290206909,0.28244054317474365,0.07242882251739502,-0.4793325662612915,0.6377162933349609,0.04750166833400726,-1.3762694597244263,0.33165927830673125,0.11181289332209482,0.3316592783067313,0.11181289332209485,6.067875335711639,0.0,6.033739867328852,True
3.205679178237915,0.28244054317474365,0.07242882251739502,-0.4793325662612915,0.6377162933349609,0.04750166833400726,-1.3762694597244263,0.33165927830673125,0.11181289332209482,0.3316592783067313,0.11181289332209485,6.067875335711639,0.0,6.033739867328852,True
3.2557222843170166,0.3159855306148529,0.07334798574447632,-0.5563969612121582,0.6418052911758423,0.03933782875537872,-1.4397495985031128,0.3314754080030006,0.11235681505473641,0.3314754080030006,0.11235681505473641,5.886813598881605,0.0,6.00166714107127,True
3.3058059215545654,0.34879040718078613,0.07392118871212006,-0.6361985206604004,0.6399534940719604,0.037055619060993195,-1.4744610786437988,0.33128697831491105,0.11291119518885455,0.33128697831491105,0.11291119518885455,5.711876647197235,0.0,5.970422886970741,True
3.3558688163757324,0.3857109844684601,0.0746769905090332,-0.7302525043487549,0.6319536566734314,0.04210786893963814,-1.4901401996612549,0.33107341099057136,0.11353588214775184,0.33107341099057136,0.11353588214775184,5.517583709640355,0.0,5.935243031316701,True
3.405952215194702,0.4160938560962677,0.07595988363027573,-0.8101462125778198,0.6217694282531738,0.052674856036901474,-1.4879581928253174,0.3309069206312682,0.11402021697195433,0.3309069206312682,0.11402021697195433,5.359840864424581,0.0,5.906093310584068,True
3.4560282230377197,0.4452338218688965,0.07834586501121521,-0.8885205984115601,0.609412431716919,0.0677870661020279,-1.4735881090164185,0.3307662793064115,0.1144275686790248,0.3307662793064115,0.1144275686790248,5.210468299486961,0.0,5.877770147617949,True
3.506115198135376,0.4730515778064728,0.08218500018119812,-0.9646787643432617,0.5952928066253662,0.08633746951818466,-1.447873592376709,0.33065921362147305,0.1147365872214658,0.33065921362147305,0.1147365872214658,5.0697227026811404,0.0,5.850228477172282,True
3.556227445602417,0.5036979913711548,0.0887148380279541,-1.0500844717025757,0.5767733454704285,0.11039731651544571,-1.4044466018676758,0.3305826877244598,0.11495689008003075,0.3305826877244598,0.11495689008003075,4.9168940407707336,0.0,5.8191362538122435,True
3.6062939167022705,0.5283724069595337,0.09597750008106232,-1.1197762489318848,0.5596123933792114,0.1311744749546051,-1.3563189506530762,0.3305579855138559,0.11502790188915643,0.33055798551385596,0.11502790188915644,4.795654639200819,0.0,5.793445451294019,True
3.656414031982422,0.5514793992042542,0.10463409870862961,-1.1855459213256836,0.5411049127578735,0.15079256892204285,-1.299082636833191,0.3305695807265696,0.1149945750818706,0.3305695807265696,0.1149945750818706,4.683701427133728,0.0,5.768777048653699,True
3.7064738273620605,0.5732330679893494,0.11449863016605377,-1.2472443580627441,0.5220168828964233,0.16812673211097717,-1.2344753742218018,0.33061298494986086,0.11486972700647928,0.33061298494986086,0.11486972700647928,4.579807678610289,0.0,5.744990404692594,True
3.756553888320923,0.5969774127006531,0.1272309571504593,-1.3136390447616577,0.4994184374809265,0.18433412909507751,-1.1519297361373901,0.3306979498421541,0.11462489245445824,0.3306979498421541,0.11462489245445824,4.468205271528269,0.0,5.718384121998321,True
3.8066112995147705,0.6160202026367188,0.13881820440292358,-1.3654899597167969,0.4804249703884125,0.19433432817459106,-1.0775758028030396,0.3307926441981804,0.11435132943860347,0.3307926441981804,0.11435132943860347,4.380130168109924,0.0,5.696598646093817,True
3.856718063354492,0.6339840292930603,0.15087652206420898,-1.412275791168213,0.46184560656547546,0.20051433145999908,-1.0018171072006226,0.33090385255638016,0.11402912068127782,0.33090385255638016,0.11402912068127782,4.298295298550494,0.0,5.675683662303185,True
3.906750202178955,0.6511306166648865,0.16311761736869812,-1.4543536901474,0.4446256458759308,0.20320458710193634,-0.9272535443305969,0.33102437840606513,0.11367876187255989,0.3310243784060652,0.1136787618725599,4.221294737065118,0.0,5.655487650733666,True
3.956923246383667,0.6511306166648865,0.16311761736869812,-1.4543536901474,0.4446256458759308,0.20320458710193634,-0.9272535443305969,0.33102437840606513,0.11367876187255989,0.3310243784060652,0.1136787618725599,4.221294737065118,0.0,5.655487650733666,True
4.006922960281372,0.6860246062278748,0.18877002596855164,-1.5305205583572388,0.41195371747016907,0.19704239070415497,-0.7792367339134216,0.33128527783860046,0.1129161843466263,0.33128527783860046,0.1129161843466263,4.06761624568703,0.0,5.614168549700443,True
4.05709171295166,0.6860246062278748,0.18877002596855164,-1.5305205583572388,0.41195371747016907,0.19704239070415497,-0.7792367339134216,0.33128527783860046,0.1129161843466263,0.33128527783860046,0.1129161843466263,4.06761624568703,0.0,5.614168549700443,True
4.107083559036255,0.7012525200843811,0.19975805282592773,-1.5596576929092407,0.39924994111061096,0.18932899832725525,-0.7199122309684753,0.33139584517463705,0.11259126876000639,0.33139584517463705,0.11259126876000639,4.001643256087215,0.0,5.596212641088365,True
4.157259941101074,0.7160177230834961,0.2100522369146347,-1.5858087539672852,0.38783958554267883,0.17920543253421783,-0.6658933162689209,0.3314965632536955,0.11229438343474116,0.3314965632536955,0.11229438343474116,3.9381969835015393,0.0,5.578922987220922,True
4.207225799560547,0.732730507850647,0.22117413580417633,-1.6127368211746216,0.37626928091049194,0.1655268669128418,-0.605469822883606,0.33160088205324145,0.11198595903733745,0.33160088205324145,0.11198595903733745,3.8669289483799094,0.0,5.559527799917842,True
4.257405519485474,0.7466625571250916,0.2298816293478012,-1.6331101655960083,0.367401659488678,0.1525307148694992,-0.5537204742431641,0.3316774083132345,0.11175910170816468,0.33167740831323456,0.1117591017081647,3.807875194973631,0.0,5.54354339162524,True
4.307390928268433,0.7602925896644592,0.23782192170619965,-1.6512360572814941,0.35955309867858887,0.1391097605228424,-0.5032881498336792,0.33174148849981994,0.11156874476269693,0.33174148849981994,0.11156874476269693,3.750348550355964,0.0,5.528092376719514,True
4.357507228851318,0.7737389802932739,0.24484066665172577,-1.667203426361084,0.35262158513069153,0.12503553926944733,-0.457387775182724,0.3317893451261404,0.11142634545190312,0.3317893451261404,0.11142634545190312,3.6936850799120933,0.0,5.513110603964476,True
4.4075751304626465,0.7893454432487488,0.2517334818840027,-1.683457851409912,0.3459239602088928,0.1080300360918045,-0.41033390164375305,0.33182107388496335,0.1113318235089576,0.33182107388496335,0.1113318235089576,3.6278633151865147,0.0,5.496121971732252,True
4.45763087272644,0.8028692007064819,0.2565927803516388,-1.6954851150512695,0.34121644496917725,0.09392094612121582,-0.3705010414123535,0.33182727027369563,0.1113133536585244,0.33182727027369563,0.1113133536585244,3.570723604132758,0.0,5.481754945132746,True
4.507694244384766,0.8028692007064819,0.2565927803516388,-1.6954851150512695,0.34121644496917725,0.09392094612121582,-0.3705010414123535,0.33182727027369563,0.1113133536585244,0.33182727027369563,0.1113133536585244,3.570723604132758,0.0,5.481754945132746,True
4.557748794555664,0.8302631378173828,0.2639544606208801,-1.7154432535171509,0.33378472924232483,0.06763627380132675,-0.30606552958488464,0.3317918828993869,0.11141878855058307,0.3317918828993869,0.11141878855058307,3.4549300083957295,0.0,5.453442338469154,True
4.607815265655518,0.8302631378173828,0.2639544606208801,-1.7154432535171509,0.33378472924232483,0.06763627380132675,-0.30606552958488464,0.3317918828993869,0.11141878855058307,0.3317918828993869,0.11141878855058307,3.4549300083957295,0.0,5.453442338469154,True
4.657870292663574,0.8464440107345581,0.2670111060142517,-1.7251828908920288,0.3305012583732605,0.05412484332919121,-0.27354180812835693,0.3317456776753796,0.11155628778201226,0.3317456776753796,0.11155628778201226,3.3865983296360103,0.0,5.437130662506802,True
4.707916259765625,0.8604339361190796,0.26908349990844727,-1.7326372861862183,0.3282860815525055,0.044085029512643814,-0.24809403717517853,0.33169432553386996,0.1117088824070453,0.33169432553386996,0.1117088824070453,3.3276488716338744,0.0,5.423210419602545,True
4.758020401000977,0.8745077848434448,0.27070552110671997,-1.739391803741455,0.32645848393440247,0.0354374498128891,-0.22560152411460876,0.3316332575828317,0.11189004631779875,0.3316332575828317,0.11189004631779875,3.268498635848781,0.0,5.409355769623702,True
4.808118581771851,0.888591468334198,0.27206504344940186,-1.7454990148544312,0.32470616698265076,0.028428422287106514,-0.20598849654197693,0.33156654523258156,0.11208758219593476,0.33156654523258156,0.11208758219593476,3.209565375458263,0.0,5.39557748453819,True
4.858219623565674,0.9049498438835144,0.2735564708709717,-1.7522025108337402,0.3227646052837372,0.022392723709344864,-0.18588048219680786,0.33148674634831005,0.1123233590817651,0.33148674634831005,0.1123233590817651,3.1415682993990917,0.0,5.379604386255008,True
4.908294916152954,0.9188884496688843,0.2749142348766327,-1.757619857788086,0.32124924659729004,0.019254207611083984,-0.17079667747020721,0.3314199698629442,0.11252023629572216,0.3314199698629442,0.11252023629572216,3.0841031214593846,0.0,5.365968270865897,True
4.958383560180664,0.9327042102813721,0.2765405774116516,-1.7627135515213013,0.31934529542922974,0.017920034006237984,-0.1584528684616089,0.33135892277237816,0.11269988597655765,0.33135892277237816,0.11269988597655765,3.0276865731435354,0.0,5.352363870460294,True
5.00844669342041,0.9464666247367859,0.2784908413887024,-1.7675933837890625,0.3175334632396698,0.01839347928762436,-0.14872455596923828,0.3313043125615427,0.11286032286912705,0.33130431256154275,0.11286032286912706,2.972056472057316,0.0,5.33870708674692,True
5.05855131149292,0.9625523090362549,0.28112882375717163,-1.7731245756149292,0.31542906165122986,0.020663682371377945,-0.13840529322624207,0.331247234255165,0.11302773906569921,0.331247234255165,0.11302773906569921,2.9077265089605877,0.0,5.32263068037924,True
5.10863184928894,0.976431131362915,0.2837317883968353,-1.7778222560882568,0.3139195144176483,0.023865044116973877,-0.1314581036567688,0.33120423446880964,0.11315367899423226,0.33120423446880964,0.11315367899423226,2.8528346938640388,0.0,5.308655267777255,True
5.158755779266357,0.9903934001922607,0.286644846200943,-1.7824596166610718,0.31251609325408936,0.028029557317495346,-0.12545356154441833,0.33116665873198947,0.11326360467639192,0.33116665873198947,0.11326360467639192,2.7981839538443856,0.0,5.29450131437202,True
5.208760738372803,1.0042445659637451,0.29000556468963623,-1.7871633768081665,0.311166912317276,0.03305370360612869,-0.12029118835926056,0.3311387097828186,0.11334529052135422,0.3311387097828187,0.11334529052135424,2.744642980036195,0.0,5.280308071078351,True
5.258831262588501,1.0202522277832031,0.2944872975349426,-1.7929056882858276,0.3093828856945038,0.03990764915943146,-0.11528632789850235,0.33111838204238225,0.11340466072271882,0.3311183820423823,0.11340466072271883,2.6836240100068043,0.0,5.263711756276916,True
5.309026718139648,1.0337878465652466,0.29874464869499207,-1.7977129220962524,0.30769506096839905,0.046270694583654404,-0.11145684123039246,0.3311106465299608,0.11342724432212631,0.3311106465299608,0.11342724432212631,2.6327385974384248,0.0,5.249526923758652,True
5.359032154083252,1.0472614765167236,0.3033396601676941,-1.8024324178695679,0.3060639500617981,0.05274243652820587,-0.10799319297075272,0.3311102243834758,0.11342847662172087,0.3311102243834758,0.11342847662172087,2.5827026905262986,0.0,5.235291318614006,True
5.40920090675354,1.060624599456787,0.30842459201812744,-1.8071280717849731,0.30442628264427185,0.0595405288040638,-0.10510078072547913,0.3311206458667289,0.11339805060405692,0.3311206458667289,0.11339805060405692,2.533802673193696,0.0,5.221001504345739,True
5.459190845489502,1.060624599456787,0.30842459201812744,-1.8071280717849731,0.30442628264427185,0.0595405288040638,-0.10510078072547913,0.3311206458667289,0.11339805060405692,0.3311206458667289,0.11339805060405692,2.533802673193696,0.0,5.221001504345739,True
5.5093467235565186,1.0762853622436523,0.31493428349494934,-1.8125663995742798,0.30267488956451416,0.0675932765007019,-0.10158243030309677,0.331144271323793,0.11332904115642271,0.331144271323793,0.11332904115642271,2.477361610438513,0.0,5.204076508180563,True
5.559345483779907,1.1035337448120117,0.32759085297584534,-1.821564793586731,0.3004372715950012,0.0808347538113594,-0.09629986435174942,0.3312132421018895,0.11312730994925631,0.3312132421018895,0.11312730994925631,2.381400024020194,0.0,5.174198889030527,True
5.609493732452393,1.1171820163726807,0.3347522020339966,-1.8259893655776978,0.2993966341018677,0.08744730055332184,-0.09387478232383728,0.33126507965269847,0.11297542654352455,0.33126507965269847,0.11297542654352455,2.3345625962370544,0.0,5.158969053005163,True
5.659709930419922,1.13314950466156,0.3435320556163788,-1.8312023878097534,0.29833126068115234,0.09463845938444138,-0.0913037434220314,0.3313343665233886,0.1127720601946455,0.3313343665233886,0.1127720601946455,2.2806450451813935,0.0,5.141023224490094,True
5.709611654281616,1.146897315979004,0.35138559341430664,-1.8356932401657104,0.2975969612598419,0.10061918944120407,-0.08914890885353088,0.3314004280883927,0.11257777872577704,0.3314004280883927,0.11257777872577704,2.2349613927849443,0.0,5.125479014029196,True
5.759654760360718,1.1607509851455688,0.359420508146286,-1.8401657342910767,0.2970587909221649,0.10579764097929001,-0.08686560392379761,0.3314698067921218,0.1123733384090436,0.3314698067921218,0.1123733384090436,2.18952004031913,0.0,5.109778086850795,True
5.809727191925049,1.1607509851455688,0.359420508146286,-1.8401657342910767,0.2970587909221649,0.10579764097929001,-0.08686560392379761,0.3314698067921218,0.1123733384090436,0.3314698067921218,0.1123733384090436,2.18952004031913,0.0,5.109778086850795,True
5.859811544418335,1.1909271478652954,0.37716665863990784,-1.8494945764541626,0.2963268458843231,0.11514449864625931,-0.08187287300825119,0.331627076680867,0.11190836435272539,0.33162707668086705,0.11190836435272541,2.0924992727203877,0.0,5.0755068467069355,True
5.909856557846069,1.2049002647399902,0.38539648056030273,-1.8536118268966675,0.29593420028686523,0.11844339966773987,-0.07974573224782944,0.33170065880450417,0.11169007542596569,0.33170065880450417,0.11169007542596569,2.048413506758825,0.0,5.059636943109424,True
5.959967136383057,1.2189351320266724,0.3936510682106018,-1.8576539754867554,0.2956725060939789,0.12092643231153488,-0.07802347838878632,0.33177464308593907,0.11147011350670515,0.33177464308593907,0.11147011350670515,2.004653227432195,0.0,5.043702822572891,True
6.010061979293823,1.2331387996673584,0.4018174409866333,-1.8616772890090942,0.29579123854637146,0.1229790523648262,-0.07605486363172531,0.33184591094347077,0.11125777002123512,0.3318459109434708,0.11125777002123513,1.9607557571219498,0.0,5.027638928480372,True
6.060168504714966,1.2497941255569458,0.4110301733016968,-1.866515040397644,0.29586538672447205,0.12466692179441452,-0.07312911748886108,0.3319222526790229,0.11102980760355677,0.331922252679023,0.11102980760355678,1.909666406299399,0.0,5.00892013908696,True
6.110241413116455,1.2640894651412964,0.4185959994792938,-1.8706620931625366,0.2958199977874756,0.12523005902767181,-0.07038530707359314,0.3319809162664691,0.11085427928084521,0.3319809162664691,0.11085427928084521,1.8661079958134996,0.0,4.992963769851384,True
6.160342216491699,1.2783726453781128,0.42578357458114624,-1.8747848272323608,0.29570335149765015,0.1251124143600464,-0.06776942312717438,0.3320319673104916,0.11070127679446429,0.3320319673104916,0.11070127679446429,1.822792400565456,0.0,4.977139964876636,True
6.210422992706299,1.292710781097412,0.4325994551181793,-1.878677487373352,0.2954552173614502,0.12440098822116852,-0.06485050916671753,0.332075027148859,0.1105720414213491,0.332075027148859,0.1105720414213491,1.7794787655495545,0.0,4.961382494677503,True
6.260511636734009,1.3094615936279297,0.44013869762420654,-1.882912278175354,0.2953387498855591,0.12301237136125565,-0.06166394054889679,0.33211663683036546,0.1104469987844266,0.33211663683036546,0.1104469987844266,1.729142176565352,0.0,4.943108113758078,True
6.310600280761719,1.3238040208816528,0.4462795853614807,-1.8863104581832886,0.29524239897727966,0.1215268224477768,-0.05921340733766556,0.33214579006743733,0.11035929566863788,0.33214579006743733,0.11035929566863788,1.68629842872293,0.0,4.927560853199795,True
6.361043453216553,1.3238040208816528,0.4462795853614807,-1.8863104581832886,0.29524239897727966,0.1215268224477768,-0.05921340733766556,0.33214579006743733,0.11035929566863788,0.33214579006743733,0.11035929566863788,1.68629842872293,0.0,4.927560853199795,True
6.4106903076171875,1.3524081707000732,0.45788195729255676,-1.8920918703079224,0.29501503705978394,0.1184212863445282,-0.05310786888003349,0.33219064033183326,0.11022421909873786,0.33219064033183326,0.11022421909873786,1.601714722789942,0.0,4.8967578936904035,True
6.460808277130127,1.3691142797470093,0.4644079804420471,-1.8950411081314087,0.295067697763443,0.11672640591859818,-0.050057683140039444,0.3322117074249248,0.11016070737706875,0.3322117074249248,0.11016070737706875,1.5529630048233773,0.0,4.87884672894867,True
6.510825872421265,1.3691142797470093,0.4644079804420471,-1.8950411081314087,0.295067697763443,0.11672640591859818,-0.050057683140039444,0.3322117074249248,0.11016070737706875,0.3322117074249248,0.11016070737706875,1.5529630048233773,0.0,4.87884672894867,True
6.560940980911255,1.4122593402862549,0.48034048080444336,-1.9013365507125854,0.2956022024154663,0.11233967542648315,-0.043781451880931854,0.3322468631286417,0.11005463162074364,0.3322468631286417,0.11005463162074364,1.4291473800076826,0.0,4.832880033176116,True
6.610992193222046,1.4122593402862549,0.48034048080444336,-1.9013365507125854,0.2956022024154663,0.11233967542648315,-0.043781451880931854,0.3322468631286417,0.11005463162074364,0.3322468631286417,0.11005463162074364,1.4291473800076826,0.0,4.832880033176116,True
6.661205768585205,1.4290682077407837,0.4862128496170044,-1.902941107749939,0.2956985533237457,0.11084169894456863,-0.04164089262485504,0.3265361523952143,0.11180422790195403,0.3322534701033241,0.1100346836424747,1.3817296310634415,0.005984898383575353,4.81507725650905,True
6.711154937744141,1.4434962272644043,0.4910851716995239,-1.9040566682815552,0.29579243063926697,0.10961581766605377,-0.039872970432043076,0.32136145372280556,0.11346563529367414,0.33225551776105405,0.11002850047753021,1.341368640403294,0.011423420110186275,4.799849017419066,True
6.761372089385986,1.4578871726989746,0.49576786160469055,-1.9050406217575073,0.29584917426109314,0.10833108425140381,-0.038670580834150314,0.3161900793107072,0.11519820250400102,0.33225370665736365,0.11003396935693316,1.30139774472645,0.01687333480760465,4.78471558842465,True
6.811311721801758,1.4723750352859497,0.5002549290657043,-1.906051754951477,0.29608622193336487,0.1071196049451828,-0.038099948316812515,0.3109599020311213,0.11702543355617663,0.33224689624357695,0.11005453164913206,1.2613930268721365,0.022399321328976877,4.76955166644556,True
6.861466884613037,1.4893749952316284,0.5053246021270752,-1.9073110818862915,0.2963932752609253,0.10571777075529099,-0.038144245743751526,0.30481510557325175,0.11926397322664747,0.3322345503019426,0.11009179617785332,1.2148408585463297,0.028912882613882637,4.751819912270272,True
6.911468267440796,1.503921627998352,0.50945645570755,-1.9083422422409058,0.2966529428958893,0.10479198396205902,-0.03768773376941681,0.29953885814334635,0.1212662537662972,0.33221935864108176,0.11013763091744903,1.1752963754332004,0.034523345134769144,4.736712022554558,True
6.961564779281616,1.5184739828109741,0.5134164690971375,-1.9094167947769165,0.29704007506370544,0.10372192412614822,-0.037569694221019745,0.2942468685893897,0.12334792801075302,0.33220021499532176,0.1101953590541,1.13601581034815,0.040167730500592004,4.721652892483071,True
7.011628866195679,1.533079743385315,0.5173380970954895,-1.9105783700942993,0.2974565029144287,0.10287356376647949,-0.037800565361976624,0.2889552686293007,0.1255011492133905,0.3321796911848596,0.11025721184725874,1.0969937459728758,0.0458337030108201,4.706555311188749,True
7.061694860458374,1.5501654148101807,0.5217903256416321,-1.9119662046432495,0.2979680001735687,0.10207702964544296,-0.03775111213326454,0.2827716208304671,0.1281111557347968,0.3321524797945832,0.11033915971362576,1.0517854683457362,0.052481549849546595,4.688937158559296,True
7.111762046813965,1.56484055519104,0.5255414843559265,-1.913230538368225,0.298232764005661,0.10136920213699341,-0.038039952516555786,0.2774788554790085,0.13042667969075056,0.332127292603376,0.11041495146922556,1.013376483803393,0.058197258926414426,4.673827897476912,True
7.161820650100708,1.5795727968215942,0.5294297933578491,-1.9144469499588013,0.2986033260822296,0.10116059333086014,-0.03839034587144852,0.27224154003876494,0.13279573461833308,0.33210458346959465,0.11048323691170092,0.975409345624163,0.063886082386619,4.65862140458561,True
7.211881875991821,1.5795727968215942,0.5294297933578491,-1.9144469499588013,0.2986033260822296,0.10116059333086014,-0.03839034587144852,0.27224154003876494,0.13279573461833308,0.33210458346959465,0.11048323691170092,0.975409345624163,0.063886082386619,4.65862140458561,True
7.261989116668701,1.61101496219635,0.5387313961982727,-1.9170230627059937,0.2984718680381775,0.10188257694244385,-0.03935317322611809,0.2615281893837246,0.13792570689211206,0.332078320443104,0.11056215035755747,0.8970109524921472,0.0756709007394215,4.6258507968287255,True
7.312090873718262,1.625190258026123,0.5434892177581787,-1.9181114435195923,0.29766392707824707,0.10280631482601166,-0.04012114927172661,0.25696008255856173,0.1402555884335001,0.33207919175474626,0.11055953330000275,0.8629823564456753,0.08077583956183938,4.6108983872187235,True
7.362131834030151,1.6389864683151245,0.548692524433136,-1.9191478490829468,0.2963155210018158,0.10429228842258453,-0.040720678865909576,0.2527611576132775,0.14250038115141395,0.3320931138784271,0.11051770769668551,0.8309213197981453,0.0855362536364985,4.596164967902572,True
7.41221022605896,1.6525436639785767,0.5542540550231934,-1.9202440977096558,0.29458773136138916,0.10616511851549149,-0.041201476007699966,0.24885096656206374,0.14469567456367274,0.33211713437360335,0.11044550264934233,0.8003361349939322,0.09003515412426782,4.581545364942892,True
7.4623496532440186,1.6680634021759033,0.5610965490341187,-1.921646237373352,0.2918905019760132,0.1087588295340538,-0.04209185764193535,0.24462794348847683,0.14720168505491116,0.3321557183991444,0.1103294101078595,0.7663844379612268,0.09497723959235421,4.564659661877251,True
7.51239538192749,1.6811140775680542,0.5671284794807434,-1.922869324684143,0.2892935872077942,0.11091725528240204,-0.042575616389513016,0.24125625897393682,0.14931591465358554,0.3321947455916916,0.11021184601153937,0.7385947886273048,0.09898957789933958,4.550373216044592,True
7.562497138977051,1.6811140775680542,0.5671284794807434,-1.922869324684143,0.2892935872077942,0.11091725528240204,-0.042575616389513016,0.24125625897393682,0.14931591465358554,0.3321947455916916,0.11021184601153937,0.7385947886273048,0.09898957789933958,4.550373216044592,True
7.612585783004761,1.6938879489898682,0.5732506513595581,-1.9240812063217163,0.2861246168613434,0.11322192847728729,-0.04319389909505844,0.23811249332660978,0.15139249671467414,0.3322381684159358,0.11008087684799878,0.7120449990780511,0.1027924736886415,4.536321714748703,True
7.662680625915527,1.720973253250122,0.5868003964424133,-1.9266890287399292,0.27851182222366333,0.11794153600931168,-0.04418468847870827,0.23193416076771678,0.15582735152016383,0.33234411290330185,0.10976060595002808,0.65774412416655,0.1104730896431077,4.5063514087226,True
7.7127909660339355,1.733327865600586,0.5930788516998291,-1.9278756380081177,0.27494555711746216,0.11996939778327942,-0.04455123096704483,0.229287681352147,0.1578829346591914,0.3323950723579649,0.10960618537356029,0.6337008203975554,0.11384980720938573,4.492651580079934,True
7.762774229049683,1.7455847263336182,0.5993790030479431,-1.9292019605636597,0.2715475857257843,0.12181276082992554,-0.04477900266647339,0.2267772946212082,0.1599378653077861,0.3324475216712478,0.10944699783294759,0.61031286810225,0.1171132980628956,4.47903879173967,True
7.812862873077393,1.7577956914901733,0.6056878566741943,-1.9306048154830933,0.26813390851020813,0.12381836771965027,-0.0449533686041832,0.22437885100448396,0.16200442363829937,0.3325007668723358,0.10928513178520023,0.5874293238029562,0.12028995146905283,4.465467920404886,True
7.862910032272339,1.7720069885253906,0.6129964590072632,-1.9324027299880981,0.2642013132572174,0.12576107680797577,-0.0449373722076416,0.22169043164378627,0.1644434907300036,0.33256225724447624,0.10909786916552856,0.5612314949859236,0.12391811626387765,4.449685801020621,True
7.913168430328369,1.7720069885253906,0.6129964590072632,-1.9324027299880981,0.2642013132572174,0.12576107680797577,-0.0449373722076416,0.22169043164378627,0.1644434907300036,0.33256225724447624,0.10909786916552856,0.5612314949859236,0.12391811626387765,4.449685801020621,True
7.963062524795532,1.7962937355041504,0.6258406639099121,-1.9356950521469116,0.2573825716972351,0.12907198071479797,-0.04472725838422775,0.2175398956248984,0.1686120501595279,0.332676384796248,0.10874935861373483,0.518085307789752,0.12976884440346637,4.422607855001979,True
8.013271570205688,1.8084092140197754,0.6324682235717773,-1.9374476671218872,0.25393277406692505,0.13098841905593872,-0.04440402612090111,0.2157097354585651,0.17067435157088812,0.33273885815477144,0.10855805946063546,0.4974046550610094,0.13249244999082008,4.409033508225499,True
8.063262462615967,1.8225796222686768,0.6403598189353943,-1.9394904375076294,0.25000885128974915,0.13320674002170563,-0.04408261924982071,0.21376095174854237,0.17307253205682066,0.3328155573876593,0.10832268811630202,0.4738794436039431,0.13552321356213173,4.393115344974487,True
8.113440752029419,1.834987998008728,0.6472403407096863,-1.9412227869033813,0.24714623391628265,0.13516353070735931,-0.043430596590042114,0.2121628488996258,0.17518485794844402,0.3328823397543081,0.10811728760793711,0.4536730234257025,0.13809871275139593,4.379187558501529,True
8.163427114486694,1.8476247787475586,0.6541725993156433,-1.9428778886795044,0.24446813762187958,0.1371082067489624,-0.042637526988983154,0.2106207635625486,0.1773545621506073,0.33294889605341493,0.10791215231294532,0.4334104402519987,0.14066421109423943,4.365028221043258,True
8.213573694229126,1.8603479862213135,0.6611312627792358,-1.9444679021835327,0.24200588464736938,0.13897468149662018,-0.04160505160689354,0.20918052608968918,0.179544628710407,0.3330157214200631,0.10770575326822106,0.4134012591338827,0.14316417019390626,4.350780193331888,True
8.263529062271118,1.8752549886703491,0.6693089604377747,-1.9463242292404175,0.2393440306186676,0.14109793305397034,-0.04069388657808304,0.20766206289928327,0.18210249336426376,0.3330949928123301,0.10746034507367688,0.3905258250332313,0.14596187929731957,4.334081223426718,True
8.313629865646362,1.8880459070205688,0.6764090657234192,-1.9479314088821411,0.23713719844818115,0.14296993613243103,-0.03976961970329285,0.2065355393904359,0.18427184008439554,0.3331653217258819,0.10724210180376727,0.37147112908653845,0.14821836038057,4.319729091513662,True
8.363680124282837,1.9005937576293945,0.6836468577384949,-1.9495588541030884,0.2346303015947342,0.1447506844997406,-0.038881029933691025,0.20568344257189114,0.1863259812039213,0.33324108068048286,0.107006458435479,0.35356711185917256,0.15020831445714278,4.305568154742046,True
8.413723707199097,1.9129242897033691,0.6910630464553833,-1.9512592554092407,0.2319745272397995,0.1467125564813614,-0.037828441709280014,0.20511519893289695,0.18825365400061364,0.33332304683195557,0.10675086159212939,0.33680173409312,0.1519208920237392,4.291561931284619,True
8.463804721832275,1.9270771741867065,0.700053870677948,-1.9534047842025757,0.2290385514497757,0.14940938353538513,-0.03632601350545883,0.2048503194414556,0.19031392437561034,0.3334288946885453,0.10641979226992941,0.3187388120023602,0.15352744189341838,4.2753432943063565,True
8.513864517211914,1.9389945268630981,0.7080021500587463,-1.9552644491195679,0.2261427640914917,0.1515975147485733,-0.0349108949303627,0.2049462581401489,0.19191215887459967,0.3335273510466316,0.10611081991869135,0.30449965851426875,0.15457997030550952,4.261575283519076,True
8.563951253890991,1.9507484436035156,0.7160167098045349,-1.9570039510726929,0.22355380654335022,0.1537671983242035,-0.03322931379079819,0.2052533253634535,0.19339535535287278,0.33362896036036793,0.10579091080456775,0.2911087573197566,0.1554182819538231,4.2479467106451,True
8.614054918289185,1.9507484436035156,0.7160167098045349,-1.9570039510726929,0.22355380654335022,0.1537671983242035,-0.03322931379079819,0.2052533253634535,0.19339535535287278,0.33362896036036793,0.10579091080456775,0.2911087573197566,0.1554182819538231,4.2479467106451,True
8.664123296737671,1.9757530689239502,0.733505129814148,-1.9599817991256714,0.2178804874420166,0.15838032960891724,-0.029621826484799385,0.20654907510938794,0.19624022722925866,0.333856686288208,0.10507003864402578,0.26461155128237657,0.1565861780321768,4.218835457621224,True
8.714204788208008,1.98707115650177,0.741826057434082,-1.961084008216858,0.2154742330312729,0.16056180000305176,-0.02822650969028473,0.20752772985434415,0.1973104913352018,0.3339699039002074,0.10470961411869602,0.25383074147885587,0.15672442642648515,4.2055439092621425,True
8.764290809631348,1.9980950355529785,0.7503979206085205,-1.9621866941452026,0.21277271211147308,0.16293777525424957,-0.026657629758119583,0.20882888453013426,0.19813885817686044,0.33409159011764306,0.10432070462120525,0.24441059703717904,0.15650109056391717,4.192463321400108,True
8.814379215240479,2.008927345275879,0.7592227458953857,-1.9632221460342407,0.21029646694660187,0.16549798846244812,-0.025216668844223022,0.21042021686948206,0.19874438571135497,0.334221000945784,0.10390535369651667,0.23614418482684663,0.1559521597523377,4.179496277015931,True
8.864447116851807,2.021422863006592,0.7696810364723206,-1.9644027948379517,0.2074674516916275,0.1685352772474289,-0.02383388578891754,0.2125334696728534,0.19923533017990425,0.3343772410334214,0.10340145394953183,0.22752211095132147,0.155016245770257,4.16446404559128,True
8.91451644897461,2.032093048095703,0.7788885235786438,-1.9655815362930298,0.20532675087451935,0.1712310016155243,-0.0226940605789423,0.21459207336227107,0.1994524698086632,0.33451750973458916,0.1029467613913573,0.22101119970718663,0.15393330388910967,4.15155378344282,True
8.964668989181519,2.042687177658081,0.7882446646690369,-1.9669398069381714,0.20316140353679657,0.1739959716796875,-0.0216689296066761,0.21684625770673632,0.19948448509414562,0.3346621003050726,0.10247574649348741,0.21527749119945305,0.15261477036003684,4.138680437841852,True
9.014677047729492,2.05316162109375,0.7977234125137329,-1.9684175252914429,0.20121903717517853,0.17679546773433685,-0.020474009215831757,0.21928722532670705,0.1993192288506661,0.334810685102096,0.10198924032203159,0.21036555864237094,0.15105891706701738,4.125894106981533,True
9.06476378440857,2.0652382373809814,0.808816134929657,-1.9700807332992554,0.19889342784881592,0.17991209030151367,-0.01916310004889965,0.22230002648567004,0.19891477815286707,0.334986131881345,0.101411495636215,0.2054630929771637,0.14901358478597593,4.111115314482513,True
9.114822387695312,2.0754683017730713,0.8182465434074402,-1.971413016319275,0.19698217511177063,0.18203212320804596,-0.018058953806757927,0.22496227299776433,0.1984237638534816,0.3351357511067563,0.10091594685732422,0.20178626682459289,0.14712569338490353,4.098596135575741,True
9.164966821670532,2.0754683017730713,0.8182465434074402,-1.971413016319275,0.19698217511177063,0.18203212320804596,-0.018058953806757927,0.22496227299776433,0.1984237638534816,0.3351357511067563,0.10091594685732422,0.20178626682459289,0.14712569338490353,4.098596135575741,True
9.214941263198853,2.0961155891418457,0.8368691205978394,-1.9738506078720093,0.19431747496128082,0.18597623705863953,-0.015080904588103294,0.23037540704438628,0.19720264661422715,0.3354286016318042,0.09993824696947802,0.19485695320259389,0.14316611725989978,4.0734735712853425,True
9.26514196395874,2.1081924438476562,0.8478289246559143,-1.9750176668167114,0.19348423182964325,0.18809697031974792,-0.013560943305492401,0.2337162352768659,0.1962162281030176,0.3356018113741674,0.09935504115231265,0.19163460269361998,0.1405800844863113,4.05877619991347,True
9.315143585205078,2.1081924438476562,0.8478289246559143,-1.9750176668167114,0.19348423182964325,0.18809697031974792,-0.013560943305492401,0.2337162352768659,0.1962162281030176,0.3356018113741674,0.09935504115231265,0.19163460269361998,0.1405800844863113,4.05877619991347,True
9.365286827087402,2.1284031867980957,0.8667439818382263,-1.97659170627594,0.19176915287971497,0.19168607890605927,-0.011151646263897419,0.2397978603315034,0.19389566839376826,0.3359056192946521,0.09832301320787618,0.18842613483649906,0.1355390488095594,4.034046490398322,True
9.415305376052856,2.1384389400482178,0.8761165142059326,-1.9773410558700562,0.19123409688472748,0.19304703176021576,-0.010058892890810966,0.2428945284987122,0.19254266119087282,0.33605620746729015,0.09780708268168324,0.18736760648959283,0.13286808594886582,4.021786656372583,True
9.465427875518799,2.1500449180603027,0.8868681788444519,-1.9784177541732788,0.19097071886062622,0.1942608803510666,-0.009354722686111927,0.24649736008064568,0.19084132809804188,0.3362284725265112,0.09721324118909444,0.18645880796199243,0.12968381240155602,4.007644767718612,True
9.515467405319214,2.159921884536743,0.896009624004364,-1.9792755842208862,0.19087491929531097,0.1951752007007599,-0.008368421345949173,0.2496086416959037,0.1892481760690927,0.3363750026338564,0.09670500298884803,0.18606448638873907,0.12685677070686927,3.995621939467099,True
9.565542697906494,2.169684648513794,0.9052431583404541,-1.9800320863723755,0.19084717333316803,0.19629836082458496,-0.007488863542675972,0.2528176767115672,0.18744392709822938,0.336524537445782,0.09618334417612262,0.18638875863586257,0.12383590969205967,3.9836927886310813,True
9.615610837936401,2.1793010234832764,0.9145685434341431,-1.9806774854660034,0.19089695811271667,0.19699855148792267,-0.006585940718650818,0.25611971348009455,0.1854189466640938,0.33667724514426633,0.09564743907741392,0.18748243069484793,0.1206169120903423,3.971888985867885,True
9.665672063827515,2.1904382705688477,0.9255384206771851,-1.9814406633377075,0.191186785697937,0.19788607954978943,-0.00575051037594676,0.26005510524254455,0.18281425200646328,0.3368580840579517,0.09500858490055487,0.1895115619091765,0.1166556159421118,3.9581849698804312,True
9.715717554092407,2.199979782104492,0.9349141716957092,-1.9819809198379517,0.1916074901819229,0.19843098521232605,-0.004884649068117142,0.26343725057452755,0.18044033516230173,0.33701252212819965,0.0944593030293456,0.1915968574790501,0.11316385673369844,3.9464618936547784,True
9.76578426361084,2.209568977355957,0.9443143010139465,-1.982448935508728,0.19223085045814514,0.19893059134483337,-0.004216558765619993,0.2668408347477389,0.17792331269609324,0.3371672315087651,0.0939055802213841,0.1940107006575662,0.1095663335682137,3.9346968920700918,True
9.815850734710693,2.2191545963287354,0.953769862651825,-1.982848048210144,0.19319552183151245,0.1994147002696991,-0.0037667006254196167,0.2702799453544953,0.17523417986996392,0.337323244367161,0.09334360615281909,0.19689649533742148,0.10583416275581735,3.922931234008278,True
9.865942001342773,2.2302818298339844,0.9647501707077026,-1.9830864667892456,0.19453983008861542,0.19982299208641052,-0.0029412596486508846,0.27427997916335256,0.1719306770120823,0.33750443131043595,0.09268634659872607,0.20070895336426098,0.10137551603794684,3.9092860334758757,True
9.91600513458252,2.2397918701171875,0.9741743206977844,-1.9830280542373657,0.1958533525466919,0.20002073049545288,-0.002333293901756406,0.2777158468417982,0.16893346326571848,0.33766017033792406,0.09211736734929026,0.20443200784691307,0.09743733633084439,3.897625367368271,True
9.966101169586182,2.249290943145752,0.9836163520812988,-1.9827615022659302,0.19722643494606018,0.20036494731903076,-0.0020190502982586622,0.28115478584203596,0.1657837612406876,0.3378163498679106,0.09154296129097751,0.20856521612471646,0.09339287561174654,3.8859817484034855,True
10.016196727752686,2.2587597370147705,0.9930702447891235,-1.9824150800704956,0.19879065454006195,0.2005050778388977,-0.001915492000989616,0.2845904449335184,0.16248188242241468,0.337972935390546,0.09096315156973052,0.21312563855594213,0.08924471497054219,3.8743755932163864,True
10.066276788711548,2.279542922973633,1.0136889219284058,-1.9818094968795776,0.202613964676857,0.20055915415287018,-0.002198026981204748,0.29201929956419725,0.154824716939326,0.3383134199298304,0.08968851596153334,0.2241236302777505,0.07991164031758533,3.8489752408559776,True
10.116395235061646,2.279542922973633,1.0136889219284058,-1.9818094968795776,0.202613964676857,0.20055915415287018,-0.002198026981204748,0.29201929956419725,0.154824716939326,0.3383134199298304,0.08968851596153334,0.2241236302777505,0.07991164031758533,3.8489752408559776,True
10.166450500488281,2.2892160415649414,1.023162841796875,-1.98153555393219,0.2047005146741867,0.20020025968551636,-0.0024978271685540676,0.2953920277298007,0.15110820653685963,0.3384690142272567,0.08909953090801925,0.22957603640246838,0.07550299741695526,3.837203202832151,True
10.216532230377197,2.298841714859009,1.032644510269165,-1.981244683265686,0.20675988495349884,0.19994060695171356,-0.0027972236275672913,0.29874280568925143,0.147242175723993,0.33862498182149975,0.08850492464484089,0.23547762541089945,0.07099755374221729,3.8254868049936057,True
10.266619443893433,2.3101119995117188,1.0436230897903442,-1.980791687965393,0.20927265286445618,0.19915933907032013,-0.0031894247513264418,0.3025782558339052,0.1426156598086981,0.33880472918265603,0.08781432390827301,0.24259460676126388,0.06569279859892538,3.811814561403738,True
10.316713809967041,2.319850206375122,1.0530139207839966,-1.9803487062454224,0.21140240132808685,0.19842541217803955,-0.00379208754748106,0.3058182303515763,0.13852854429051314,0.33895781862364455,0.08722154088240168,0.24894205913284928,0.06107897272844529,3.800037517939281,True
10.366758584976196,2.329651355743408,1.0624064207077026,-1.9797676801681519,0.21375100314617157,0.19763433933258057,-0.004382516257464886,0.3090188562880145,0.1343169816322981,0.3391104933544242,0.08662605437695414,0.2555747076176029,0.05639087837417532,3.788210776913864,True
10.416815042495728,2.3396053314208984,1.0718380212783813,-1.9791532754898071,0.21630452573299408,0.19663512706756592,-0.005327057093381882,0.31218794162568675,0.12997019860067635,0.3392630755839689,0.08602653977294573,0.2624578621456575,0.05161499811127489,3.776238047118685,True
10.466899633407593,2.3513307571411133,1.0828808546066284,-1.9784210920333862,0.2194240242242813,0.19529443979263306,-0.006619276013225317,0.3158390879754679,0.12472207382843052,0.3394412037226351,0.08532097758071307,0.2709027319047035,0.045929361559514124,3.7621662337849333,True
10.517026901245117,2.3614442348480225,1.0923793315887451,-1.9779359102249146,0.22215627133846283,0.19398248195648193,-0.008013544604182243,0.3189252253777172,0.12006856343088376,0.33959415104964474,0.08471016806069405,0.27854606929110126,0.040956325660223926,3.7500484442001527,True
10.567084074020386,2.3614442348480225,1.0923793315887451,-1.9779359102249146,0.22215627133846283,0.19398248195648193,-0.008013544604182243,0.3189252253777172,0.12006856343088376,0.33959415104964474,0.08471016806069405,0.27854606929110126,0.040956325660223926,3.7500484442001527,True
10.61731481552124,2.381694793701172,1.1115926504135132,-1.9774442911148071,0.22803932428359985,0.1912004053592682,-0.010502166114747524,0.3250038537987656,0.11024518092938153,0.3399042572771457,0.08345714999250757,0.29543954858957555,0.030653231889858485,3.7257751119369096,True
10.66724967956543,2.39363431930542,1.1230287551879883,-1.9775782823562622,0.2315710484981537,0.18958966434001923,-0.012035668827593327,0.32850706816466785,0.10415128567649273,0.3400891361223514,0.0827005410596127,0.3063729237032842,0.024377833020902576,3.7114622437954035,True
10.717396974563599,2.403975248336792,1.1327110528945923,-1.978007197380066,0.23460012674331665,0.1877904236316681,-0.013217288069427013,0.331396098579711,0.0988754680121258,0.3402442412217948,0.08206007747623144,0.31577983394476483,0.01900123646211761,3.699132889251972,True
10.767410039901733,2.4143900871276855,1.1422556638717651,-1.9785748720169067,0.2378481924533844,0.18594536185264587,-0.014253679662942886,0.3341721828570617,0.09356845947210589,0.3403958278308352,0.08142898989524797,0.32518697170144684,0.013641864915290569,3.686776884142607,True
10.817500352859497,2.424927234649658,1.1516536474227905,-1.9791513681411743,0.24104291200637817,0.1839718520641327,-0.015057355165481567,0.3368324930042417,0.08824094836563667,0.3405434927985941,0.08080921675485944,0.3345148090699066,0.008306753530008539,3.6743484880289725,True
10.867589235305786,2.43743896484375,1.1624174118041992,-1.9799195528030396,0.24478109180927277,0.1813996583223343,-0.01571805402636528,0.3397857401463059,0.08201357928774816,0.34071022689019187,0.08010331636351861,0.34518915754164503,0.0021222111533273145,3.6596974904030453,True
10.917628049850464,2.4482975006103516,1.1714316606521606,-1.9804733991622925,0.24796856939792633,0.17883670330047607,-0.016154546290636063,0.340847868534673,0.0795155991951908,0.3408478685346731,0.07951559919519081,0.3541277834110641,0.0,3.6470695273246863,True
10.967692375183105,2.4592931270599365,1.1802611351013184,-1.9809569120407104,0.2513072192668915,0.17607785761356354,-0.01640205644071102,0.3409808607660965,0.07894335051929247,0.3409808607660965,0.07894335051929247,0.36288026947527463,0.0,3.634360599432916,True
11.01772165298462,2.470393419265747,1.1888071298599243,-1.9813913106918335,0.2546909749507904,0.17294453084468842,-0.0166303813457489,0.3411073284784477,0.07839509205490083,0.3411073284784477,0.07839509205490083,0.37124552236281794,0.0,3.6216234601803428,True
11.067814350128174,2.4834749698638916,1.1984862089157104,-1.9818938970565796,0.2586266100406647,0.16892164945602417,-0.016883648931980133,0.34124812407146493,0.07777993197288158,0.34124812407146493,0.07777993197288158,0.38066729971825986,0.0,3.606712165514746,True
11.117879152297974,2.4948885440826416,1.2064869403839111,-1.9823514223098755,0.26205429434776306,0.16527073085308075,-0.01702721044421196,0.3413616908253141,0.07727998471067817,0.34136169082531415,0.07727998471067818,0.38824832021588485,0.0,3.5938098578228077,True
11.167945384979248,2.5065083503723145,1.214194655418396,-1.9828869104385376,0.26568499207496643,0.16122651100158691,-0.01718847081065178,0.3414682342742686,0.07680784453174812,0.3414682342742686,0.07680784453174812,0.39530266949885196,0.0,3.5807783993974525,True
11.218027353286743,2.5182836055755615,1.221623420715332,-1.9835063219070435,0.269252747297287,0.15697285532951355,-0.01722574792802334,0.34156834441157735,0.07636141758724768,0.34156834441157735,0.07636141758724768,0.4019144666975105,0.0,3.567662981614549,True
11.268122673034668,2.5321125984191895,1.2299145460128784,-1.9843655824661255,0.2732108235359192,0.15176241099834442,-0.017010200768709183,0.34167707162183275,0.07587343888297753,0.34167707162183275,0.07587343888297753,0.4091084110521077,0.0,3.552361839183258,True
11.318236589431763,2.5440311431884766,1.2366641759872437,-1.9851292371749878,0.2764349579811096,0.14724260568618774,-0.016480520367622375,0.34176271923947493,0.07548671232766621,0.34176271923947493,0.07548671232766621,0.4147458825522161,0.0,3.5392657881928535,True
11.368316888809204,2.5440311431884766,1.2366641759872437,-1.9851292371749878,0.2764349579811096,0.14724260568618774,-0.016480520367622375,0.34176271923947493,0.07548671232766621,0.34176271923947493,0.07548671232766621,0.4147458825522161,0.0,3.5392657881928535,True
11.418403148651123,2.5560905933380127,1.2431402206420898,-1.9859510660171509,0.2796030640602112,0.14256861805915833,-0.01599735952913761,0.34184222423927463,0.07512585258847611,0.34184222423927463,0.07512585258847611,0.41995316950106165,0.0,3.5260953939030957,True
11.468452215194702,2.582914113998413,1.2561568021774292,-1.9877997636795044,0.28631168603897095,0.13196276128292084,-0.014754701405763626,0.34199097119543426,0.07444578981247778,0.34199097119543426,0.07444578981247778,0.42939054795835396,0.0,3.497110043344098,True
11.518566370010376,2.5956645011901855,1.2617889642715454,-1.98861563205719,0.28943949937820435,0.12713831663131714,-0.013854420743882656,0.3420505138214245,0.07417173312320186,0.3420505138214245,0.07417173312320186,0.433098585955241,0.0,3.4834545671973314,True
11.568657159805298,2.6087048053741455,1.267236590385437,-1.9893044233322144,0.2924964725971222,0.12255647033452988,-0.012950113043189049,0.34210515666079494,0.07391929238089959,0.342105156660795,0.0739192923808996,0.43650050534899343,0.0,3.4695569330337226,True
11.618713140487671,2.6220855712890625,1.2726051807403564,-1.989907145500183,0.2957255244255066,0.1181778833270073,-0.012018093839287758,0.34215687521261123,0.07367952731079079,0.34215687521261123,0.07367952731079079,0.43984326147510977,0.0,3.4553450060419886,True
11.668811321258545,2.6379683017730713,1.2788448333740234,-1.990535855293274,0.29915910959243774,0.11351293325424194,-0.01114047970622778,0.34221582684157187,0.0734052304617273,0.34221582684157187,0.0734052304617273,0.44401105836850796,0.0,3.4385057676604216,True
11.718821048736572,2.6517691612243652,1.2840638160705566,-1.990956425666809,0.3019385039806366,0.10976569354534149,-0.010392130352556705,0.3422631028682292,0.07318448206424592,0.3422631028682292,0.07318448206424592,0.44758460081606266,0.0,3.42391798517249,True
11.76900053024292,2.6657447814941406,1.2889798879623413,-1.9913238286972046,0.3046216368675232,0.10627508908510208,-0.009547646157443523,0.3423035176507124,0.07299521767861529,0.3423035176507124,0.07299521767861529,0.45069570266980996,0.0,3.4092238796910364,True
11.819001913070679,2.679908037185669,1.2936795949935913,-1.9916402101516724,0.30710121989250183,0.10297133773565292,-0.008728168904781342,0.34233879904410064,0.07282957276438518,0.3423387990441007,0.07282957276438518,0.45356575916111375,0.0,3.394392310277752,True
11.869176387786865,2.696614980697632,1.298927664756775,-1.9920822381973267,0.30994412302970886,0.09931283444166183,-0.0078092603944242,0.3423744880732238,0.07266161240020692,0.3423744880732238,0.07266161240020692,0.4567555482075871,0.0,3.3769594319438747,True
11.9191734790802,2.7109789848327637,1.3031249046325684,-1.992414116859436,0.31185010075569153,0.09643048793077469,-0.007207236718386412,0.3423987560808671,0.07254716971925816,0.3423987560808671,0.07254716971925816,0.45916766428194045,0.0,3.3620372003823937,True
11.969321966171265,2.725393533706665,1.3070921897888184,-1.992695689201355,0.3133966624736786,0.09373442828655243,-0.006451325956732035,0.34241810599341244,0.07245578436456367,0.3424181059934125,0.07245578436456367,0.4613987039370411,0.0,3.347113494123224,True
12.019349813461304,2.7398252487182617,1.3107856512069702,-1.993101954460144,0.3148816227912903,0.09111066162586212,-0.00577322905883193,0.34243170835329584,0.0723914712811068,0.34243170835329584,0.0723914712811068,0.46334992461459557,0.0,3.332229858139613,True
12.069535970687866,2.7566816806793213,1.3148524761199951,-1.993867039680481,0.31623953580856323,0.08832103759050369,-0.0050329179503023624,0.3424424582108982,0.07234060280697993,0.3424424582108982,0.07234060280697993,0.4655408384759223,0.0,3.3148968083365755,True
12.119511365890503,2.7711758613586426,1.3182717561721802,-1.9947704076766968,0.317374587059021,0.08601362258195877,-0.004454192239791155,0.3424501217973201,0.07230431578405683,0.34245012179732015,0.07230431578405684,0.46770090954624344,0.0,3.3000088964585634,True
12.169595956802368,2.8000504970550537,1.3254215717315674,-1.9969130754470825,0.319177508354187,0.0826796367764473,-0.003083937568590045,0.3424728898782349,0.0721963967137585,0.3424728898782349,0.0721963967137585,0.4742221465393097,0.0,3.2702802444565386,True
12.219650983810425,2.8000504970550537,1.3254215717315674,-1.9969130754470825,0.319177508354187,0.0826796367764473,-0.003083937568590045,0.3424728898782349,0.0721963967137585,0.3424728898782349,0.0721963967137585,0.4742221465393097,0.0,3.2702802444565386,True
12.269725561141968,2.817063808441162,1.32989501953125,-1.9983237981796265,0.3203463554382324,0.08148851990699768,-0.0020347945392131805,0.34249213948148804,0.07210502335755054,0.34249213948148804,0.07210502335755054,0.47958641315607586,0.0,3.2527101752821603,True
12.31978702545166,2.831897258758545,1.3337323665618896,-1.9996029138565063,0.3213393986225128,0.08060964196920395,-0.001060368726029992,0.3425077028163452,0.07203105935268582,0.3425077028163452,0.07203105935268582,0.4846005572276706,0.0,3.2374044446792314,True
12.369826793670654,2.846937894821167,1.3375296592712402,-2.0007638931274414,0.3223310708999634,0.07967021316289902,6.744299025740474e-05,0.3425215709528799,0.07196508481181174,0.3425215709528799,0.07196508481181174,0.48991359747201635,0.0,3.22190434238201,True
12.419918775558472,2.8620893955230713,1.3413640260696411,-2.001755475997925,0.32332828640937805,0.07893870770931244,0.0013765717158094049,0.3425358632044755,0.07189702649459741,0.3425358632044755,0.07189702649459741,0.4957767852609489,0.0,3.206288244659852,True
12.470019578933716,2.8798904418945312,1.3459022045135498,-2.0026302337646484,0.3244535028934479,0.078465037047863,0.002572279656305909,0.3425535501533256,0.07181270972016728,0.3425535501533256,0.07181270972016728,0.5033790500627244,0.0,3.1879346888920637,True
12.52006483078003,2.8951809406280518,1.349905252456665,-2.0032083988189697,0.325274795293808,0.07812585681676865,0.0037698724772781134,0.3425712111529278,0.07172841340233406,0.3425712111529278,0.07172841340233406,0.5107312258177128,0.0,3.172148258234905,True
12.570176362991333,2.910421848297119,1.3539412021636963,-2.003720283508301,0.325978547334671,0.0778409019112587,0.004983534105122089,0.342589989115355,0.07163867222346405,0.34258998911535504,0.07163867222346407,0.5186810241789797,0.0,3.1564038280520252,True
12.620243072509766,2.9254119396209717,1.3580386638641357,-2.0041754245758057,0.32648444175720215,0.07755685597658157,0.006137838587164879,0.34261147085780935,0.07153586538687037,0.34261147085780935,0.07153586538687037,0.5273323913009929,0.0,3.140892563924882,True
12.670332670211792,2.94266414642334,1.3629554510116577,-2.00461745262146,0.3267187476158142,0.07745099812746048,0.007586074527353048,0.34264091844583294,0.07139468472229589,0.34264091844583294,0.07139468472229589,0.5384349615477557,0.0,3.12299988455989,True
12.720405578613281,2.9573464393615723,1.367272973060608,-2.004940986633301,0.3270103931427002,0.07763496786355972,0.008543240837752819,0.34266918932506557,0.07125887093760579,0.34266918932506557,0.07125887093760579,0.5487547090971301,0.0,3.1077458359211527,True
12.770507097244263,2.971917152404785,1.3715814352035522,-2.0051655769348145,0.3270246386528015,0.07754366099834442,0.009438338689506054,0.3426980018879833,0.07112017647604509,0.3426980018879833,0.07112017647604509,0.5595242797240925,0.0,3.092603373289432,True
12.820610523223877,2.9864284992218018,1.375745177268982,-2.005380630493164,0.32692673802375793,0.07719087600708008,0.010489367879927158,0.34272404995007216,0.07099454616955034,0.3427240499500722,0.07099454616955034,0.5703589784122354,0.0,3.0775489068421797,True
12.870646238327026,3.0174853801727295,1.3844422101974487,-2.0053367614746094,0.3271193504333496,0.07634445279836655,0.012541514821350574,0.3427756333240378,0.07074507190825916,0.3427756333240378,0.07074507190825916,0.5944859718961819,0.0,3.0453743366079005,True
12.920726776123047,3.0174853801727295,1.3844422101974487,-2.0053367614746094,0.3271193504333496,0.07634445279836655,0.012541514821350574,0.3427756333240378,0.07074507190825916,0.3427756333240378,0.07074507190825916,0.5944859718961819,0.0,3.0453743366079005,True
12.9707670211792,3.0316154956817627,1.3883918523788452,-2.004948139190674,0.3271946609020233,0.07596906274557114,0.013402312994003296,0.34279923718748817,0.07063060939618326,0.3427992371874882,0.07063060939618328,0.6061314753191649,0.0,3.0307377141074427,True
13.021018981933594,3.0457048416137695,1.3922683000564575,-2.0043234825134277,0.327039510011673,0.07552248984575272,0.014019707217812538,0.34282154718436375,0.070522243201128,0.34282154718436375,0.070522243201128,0.617999951889038,0.0,3.0161561136619888,True
13.070905208587646,3.0621752738952637,1.3967365026474,-2.003347873687744,0.32668536901474,0.07483582198619843,0.014440418221056461,0.3428464015722683,0.0704013134035645,0.34284640157226837,0.0704013134035645,0.6322386225116414,0.0,2.999123366677413,True
13.12106442451477,3.0762996673583984,1.4005123376846313,-2.002443790435791,0.3264404535293579,0.07435274869203568,0.01435029786080122,0.34286661684043085,0.07030279550912016,0.34286661684043085,0.07030279550912016,0.6447564472458733,0.0,2.984528286405903,True
13.171074867248535,3.0905356407165527,1.4042645692825317,-2.0016064643859863,0.3263123631477356,0.07376782596111298,0.014093974605202675,0.34288592635094634,0.07020855724520621,0.34288592635094634,0.07020855724520621,0.6576556827822113,0.0,2.9698288774528354,True
13.221258640289307,3.104936361312866,1.4080969095230103,-2.0008485317230225,0.3267013728618622,0.07344512641429901,0.013510617427527905,0.3429064807989085,0.07010809814927073,0.34290648079890856,0.07010809814927074,0.6712485465338371,0.0,2.954952239980301,True
13.271256923675537,3.1220924854278564,1.4126471281051636,-2.0000479221343994,0.3272329270839691,0.07321184873580933,0.012579398229718208,0.34293084140142716,0.06998884208007153,0.34293084140142716,0.06998884208007153,0.687978483541718,0.0,2.9372325509829698,True
13.321471214294434,3.137200355529785,1.416520595550537,-1.9994920492172241,0.32831770181655884,0.0730404406785965,0.011876205913722515,0.3429493740507351,0.06989797449289188,0.34294937405073517,0.06989797449289188,0.702854535176348,0.0,2.921655356094467,True
13.371503114700317,3.137200355529785,1.416520595550537,-1.9994920492172241,0.32831770181655884,0.0730404406785965,0.011876205913722515,0.3429493740507351,0.06989797449289188,0.34294937405073517,0.06989797449289188,0.702854535176348,0.0,2.921655356094467,True
13.421539306640625,3.168243885040283,1.424118995666504,-1.9985851049423218,0.33083489537239075,0.07286611944437027,0.010315073654055595,0.3429794732221728,0.06975013224532865,0.3429794732221728,0.06975013224532865,0.73392091867162,0.0,2.8897199908925266,True
13.471599578857422,3.186556339263916,1.428171992301941,-1.997998833656311,0.3324600160121918,0.07248902320861816,0.009498341009020805,0.34298730089005813,0.0697116305084933,0.34298730089005813,0.0697116305084933,0.7519785073152487,0.0,2.8709671719690544,True
13.5216805934906,3.202411413192749,1.4312872886657715,-1.9976531267166138,0.3338802754878998,0.07177414000034332,0.008592656813561916,0.3429847348496919,0.06972425446060021,0.3429847348496919,0.06972425446060021,0.7670536828869015,0.0,2.8548092841847286,True
13.571723461151123,3.234806537628174,1.4368171691894531,-1.9973140954971313,0.3368406891822815,0.06978267431259155,0.006594365928322077,0.34295915263386967,0.06984997941773562,0.34295915263386967,0.06984997941773562,0.7970776877905248,0.0,2.8219620453265613,True
13.62178373336792,3.234806537628174,1.4368171691894531,-1.9973140954971313,0.3368406891822815,0.06978267431259155,0.006594365928322077,0.34295915263386967,0.06984997941773562,0.34295915263386967,0.06984997941773562,0.7970776877905248,0.0,2.8219620453265613,True
13.671867609024048,3.2708728313446045,1.4420195817947388,-1.997487187385559,0.34009405970573425,0.06755315512418747,0.004611725453287363,0.342906395502979,0.07010851533982536,0.342906395502979,0.07010851533982536,0.8302925650401161,0.0,2.7855838256626804,True
13.721901416778564,3.2708728313446045,1.4420195817947388,-1.997487187385559,0.34009405970573425,0.06755315512418747,0.004611725453287363,0.342906395502979,0.07010851533982536,0.342906395502979,0.07010851533982536,0.8302925650401161,0.0,2.7855838256626804,True
13.772057056427002,3.2877614498138428,1.4441938400268555,-1.9976962804794312,0.34140729904174805,0.06658532470464706,0.003800290869548917,0.3428746369077088,0.07026367030981834,0.3428746369077088,0.07026367030981834,0.8460024995704796,0.0,2.7686022539505384,True
13.82211184501648,3.304654598236084,1.446279764175415,-1.9978967905044556,0.3425045907497406,0.06545546650886536,0.0029042153619229794,0.3428401768739105,0.07043162017919063,0.3428401768739105,0.07043162017919063,0.8620395804896841,0.0,2.751634593177575,True
13.872186422348022,3.324337959289551,1.4485279321670532,-1.9984484910964966,0.34359920024871826,0.06421148031949997,0.0023298345040529966,0.34279476274424087,0.07065232222028908,0.34279476274424087,0.07065232222028908,0.8809282821042697,0.0,2.731902047603236,True
13.922274112701416,3.3412060737609863,1.4504691362380981,-1.9989465475082397,0.344291627407074,0.06318610906600952,0.0019847082439810038,0.34275557618154534,0.07084218373579988,0.34275557618154534,0.07084218373579988,0.8977822999506824,0.0,2.714989744443314,True
13.972363471984863,3.357968807220459,1.4524273872375488,-1.9992603063583374,0.34476253390312195,0.06256452947854996,0.0016685683513060212,0.342716793708775,0.07102956644930991,0.342716793708775,0.07102956644930991,0.915186982140531,0.0,2.698178013005736,True
14.022488594055176,3.3745996952056885,1.4544380903244019,-1.9995890855789185,0.34498247504234314,0.0618690550327301,0.001624342636205256,0.3426794969213018,0.07120928583944292,0.3426794969213018,0.07120928583944292,0.9332150902346878,0.0,2.6814855132375692,True
14.07255506515503,3.3937814235687256,1.4567924737930298,-2.000356674194336,0.3447844088077545,0.06133303791284561,0.0013806201750412583,0.34263670578316535,0.07141489935623087,0.34263670578316535,0.07141489935623087,0.9548081212478277,0.0,2.6622264525512014,True
14.122624397277832,3.41003155708313,1.4588334560394287,-2.0009539127349854,0.3444633185863495,0.06080802157521248,0.0016951285069808364,0.3426010982516366,0.07158552560938874,0.3426010982516366,0.07158552560938874,0.97382093026396,0.0,2.645902069920099,True
14.172798156738281,3.4260644912719727,1.4610246419906616,-2.001410484313965,0.3439955711364746,0.060597412288188934,0.001985653769224882,0.342570187818821,0.07173330061957074,0.342570187818821,0.07173330061957074,0.993623955226786,0.0,2.629760148688907,True
14.22276520729065,3.4418904781341553,1.4632244110107422,-2.00177001953125,0.3432447016239166,0.06065545231103897,0.002254901686683297,0.3425402304747671,0.07187621655522371,0.3425402304747671,0.07187621655522371,1.013792871643366,0.0,2.61381949621535,True
14.272843599319458,3.4757914543151855,1.467734456062317,-2.0021369457244873,0.3416721522808075,0.06039375066757202,0.0031452320981770754,0.34246907068810317,0.07221451115964847,0.34246907068810317,0.07221451115964847,1.0581219415119048,0.0,2.579716145503517,True
14.322897672653198,3.4757914543151855,1.467734456062317,-2.0021369457244873,0.3416721522808075,0.06039375066757202,0.0031452320981770754,0.34246907068810317,0.07221451115964847,0.34246907068810317,0.07221451115964847,1.0581219415119048,0.0,2.579716145503517,True
14.373082160949707,3.491358757019043,1.4697901010513306,-2.0020275115966797,0.34097811579704285,0.06011253967881203,0.003797131823375821,0.3424352208801468,0.07237485406386031,0.3424352208801468,0.07237485406386031,1.0792163692477796,0.0,2.5640599491681546,True
14.4230318069458,3.506856679916382,1.4718490839004517,-2.0017831325531006,0.34020474553108215,0.06020905449986458,0.004363260231912136,0.3424013809050185,0.0725347803080453,0.3424013809050185,0.0725347803080453,1.1007434197544566,0.0,2.548471503598649,True
14.473214864730835,3.524986743927002,1.4744760990142822,-2.001232862472534,0.3394779562950134,0.06025981903076172,0.0046991812996566296,0.34236730508132485,0.07269544972934018,0.34236730508132485,0.07269544972934018,1.1271908478634511,0.0,2.5301908995655467,True
14.523185014724731,3.540597915649414,1.477095127105713,-2.0005886554718018,0.3391597270965576,0.060478005558252335,0.004964628256857395,0.34234761661026736,0.07278811304924286,0.3423476166102674,0.07278811304924288,1.1515561209239333,0.0,2.5143762881885037,True
14.573381900787354,3.5562524795532227,1.4799833297729492,-1.9998453855514526,0.3387949466705322,0.06092901527881622,0.005087847821414471,0.34233506788468565,0.07284710904619114,0.34233506788468565,0.07284710904619114,1.1772674774149348,0.0,2.4984633839629913,True
14.623381853103638,3.5721120834350586,1.4829283952713013,-1.9990886449813843,0.33880624175071716,0.061532679945230484,0.005158671643584967,0.34232272692975535,0.0729050795718387,0.34232272692975535,0.0729050795718387,1.2038888615143204,0.0,2.482338167901135,True
14.673643350601196,3.59073543548584,1.4863543510437012,-1.998207688331604,0.3388151526451111,0.06199924647808075,0.0048252795822918415,0.34230707973391583,0.07297851165951906,0.34230707973391583,0.07297851165951906,1.2357176116051871,0.0,2.463409749618472,True
14.723520040512085,3.6066036224365234,1.4893187284469604,-1.9974263906478882,0.33877232670783997,0.06251595914363861,0.004487399477511644,0.3422948648483337,0.07303578231566318,0.3422948648483337,0.07303578231566318,1.2635382296559836,0.0,2.4472722736240446,True
14.773618221282959,3.6222927570343018,1.4922904968261719,-1.996595025062561,0.3387240469455719,0.06300822645425797,0.004002965521067381,0.34228381944375447,0.07308752935347637,0.34228381944375447,0.07308752935347637,1.2916792023750556,0.0,2.43130842816467,True
14.823667049407959,3.6378629207611084,1.4953635931015015,-1.9958535432815552,0.33846843242645264,0.06349918246269226,0.0034274584613740444,0.3422763729011493,0.07312239433739412,0.3422763729011493,0.07312239433739412,1.320481381255325,0.0,2.4154398117698292,True
14.873740911483765,3.655946731567383,1.4990506172180176,-1.9950278997421265,0.3380688726902008,0.06401051580905914,0.0025090116541832685,0.34227111188476156,0.0731470161330521,0.34227111188476156,0.0731470161330521,1.3549188676356518,0.0,2.3969847745363935,True
14.923803329467773,3.6712658405303955,1.5022469758987427,-1.9944137334823608,0.3377264440059662,0.06450635939836502,0.001573470770381391,0.34226878374048253,0.07315790918834937,0.3422687837404826,0.07315790918834938,1.3848438052598961,0.0,2.3813359398628644,True
14.973870754241943,3.7013423442840576,1.508912205696106,-1.9938944578170776,0.33683639764785767,0.06576044857501984,-0.0003770729526877403,0.34227598203864035,0.0731242238897912,0.34227598203864035,0.0731242238897912,1.4461971283845454,0.0,2.3505306294315282,True
15.023962497711182,3.7013423442840576,1.508912205696106,-1.9938944578170776,0.33683639764785767,0.06576044857501984,-0.0003770729526877403,0.34227598203864035,0.0731242238897912,0.34227598203864035,0.0731242238897912,1.4461971283845454,0.0,2.3505306294315282,True
15.074043035507202,3.733438491821289,1.5167237520217896,-1.9942914247512817,0.3353082835674286,0.06693769991397858,-0.0027831036131829023,0.34230540656029024,0.0729863592707185,0.34230540656029024,0.0729863592707185,1.5158829612321423,0.0,2.3175109497513167,True
15.124131917953491,3.733438491821289,1.5167237520217896,-1.9942914247512817,0.3353082835674286,0.06693769991397858,-0.0027831036131829023,0.34230540656029024,0.0729863592707185,0.34230540656029024,0.0729863592707185,1.5158829612321423,0.0,2.3175109497513167,True
15.174191236495972,3.7483608722686768,1.520654559135437,-1.9948292970657349,0.33476656675338745,0.06791114062070847,-0.0036581975873559713,0.3423286154584128,0.07287742475092075,0.3423286154584128,0.07287742475092075,1.5499342833621252,0.0,2.302097046870161,True
15.224294662475586,3.7634217739105225,1.5247445106506348,-1.9955796003341675,0.3344142436981201,0.06886839866638184,-0.0043777478858828545,0.34235613883241145,0.07274801855557705,0.34235613883241145,0.07274801855557705,1.5851586276399328,0.0,2.286514802395615,True
15.274492025375366,3.781118154525757,1.5298151969909668,-1.996693730354309,0.33420124650001526,0.07016424089670181,-0.004843177739530802,0.34239719386046225,0.07255454249377513,0.3423971938604623,0.07255454249377515,1.627980108274235,0.0,2.2681513161947167,True
15.324590682983398,3.796435594558716,1.5345051288604736,-1.9978123903274536,0.33421963453292847,0.07148970663547516,-0.005060470663011074,0.34244263894988564,0.07233974722818867,0.3424426389498857,0.07233974722818869,1.6665156467791942,0.0,2.2521948325988594,True
15.374606609344482,3.8119211196899414,1.5394350290298462,-1.9990121126174927,0.33441659808158875,0.07288245111703873,-0.005265788175165653,0.3424950503194147,0.07209119576412625,0.3424950503194147,0.07209119576412625,1.7065761132026918,0.0,2.2360253305684306,True
15.424663782119751,3.827451229095459,1.5447200536727905,-2.000399112701416,0.3346852660179138,0.07456394284963608,-0.004948223941028118,0.34255898911627697,0.07178676044811075,0.34255898911627697,0.07178676044811075,1.7483355807504548,0.0,2.219740523459113,True
15.474715232849121,3.8455374240875244,1.5510913133621216,-2.001979112625122,0.3350665867328644,0.07623574137687683,-0.0042840843088924885,0.3426411679327631,0.07139348736174757,0.3426411679327631,0.07139348736174757,1.7983177979199976,0.0,2.2007335140689714,True
15.524792194366455,3.860844373703003,1.556864857673645,-2.003248453140259,0.3353312015533447,0.07773813605308533,-0.0035047128330916166,0.3427236146747578,0.07099664741569198,0.3427236146747578,0.07099664741569198,1.8423812207952945,0.0,2.184572165867426,True
15.574856281280518,3.8759891986846924,1.5627038478851318,-2.004512310028076,0.33531638979911804,0.07902690023183823,-0.0024012241046875715,0.3428099711753035,0.07057849291949769,0.3428099711753035,0.07057849291949769,1.886900392407247,0.0,2.168559385573419,True
15.625166654586792,3.8910059928894043,1.5686415433883667,-2.005566120147705,0.33524444699287415,0.08012247830629349,-0.0011242065811529756,0.34290107797677083,0.0701345187647888,0.34290107797677083,0.0701345187647888,1.9320279710086705,0.0,2.1526555321552907,True
15.675009489059448,3.923631191253662,1.5816084146499634,-2.007396936416626,0.3351588249206543,0.08238738775253296,0.001779035315848887,0.34310380279923886,0.0691359566701799,0.34310380279923886,0.0691359566701799,2.0320797547482297,0.0,2.1181026766014917,True
15.725303411483765,3.923631191253662,1.5816084146499634,-2.007396936416626,0.3351588249206543,0.08238738775253296,0.001779035315848887,0.34310380279923886,0.0691359566701799,0.34310380279923886,0.0691359566701799,2.0320797547482297,0.0,2.1181026766014917,True
15.775285720825195,3.938800811767578,1.5875513553619385,-2.0080976486206055,0.33539655804634094,0.083125539124012,0.0031581558287143707,0.34319654889033535,0.068674076839544,0.34319654889033535,0.068674076839544,2.0791662700869917,0.0,2.102059936831909,True
15.82529592514038,3.954000473022461,1.5934265851974487,-2.008779287338257,0.3356320559978485,0.08355411887168884,0.004730426240712404,0.343287722087424,0.06821685908943291,0.34328772208742403,0.06821685908943292,2.1266251849410818,0.0,2.0860047953004615,True
15.875415563583374,3.971813917160034,1.6000635623931885,-2.009294033050537,0.3358725607395172,0.08403115719556808,0.006429875735193491,0.34338759437972477,0.06771233289516472,0.3433875943797248,0.06771233289516473,2.182125693284311,0.0,2.067241626117119,True
15.925481796264648,3.9870338439941406,1.6055911779403687,-2.009610891342163,0.3362676501274109,0.08415040373802185,0.007961110211908817,0.3434691659226279,0.06729734066376097,0.3434691659226279,0.06729734066376097,2.2296588398697903,0.0,2.051241347122145,True
15.975504398345947,4.002214431762695,1.6110087633132935,-2.0099127292633057,0.33645370602607727,0.08410817384719849,0.009422867558896542,0.3435482043090593,0.06689268507109586,0.3435482043090593,0.06689268507109586,2.2772830027056497,0.0,2.035303751010228,True
16.025607347488403,4.017416000366211,1.6163150072097778,-2.010213851928711,0.3363911509513855,0.0836450606584549,0.010774292051792145,0.3436242715095589,0.06650082728451544,0.3436242715095589,0.06650082728451544,2.325109520332722,0.0,2.0193695771939186,True
16.075667142868042,4.035280227661133,1.622334361076355,-2.0105700492858887,0.33674299716949463,0.08318819105625153,0.012118971906602383,0.34370761112900416,0.06606873732706882,0.34370761112900416,0.06606873732706882,2.381273928915112,0.0,2.0006886610971972,True
16.1257221698761,4.050713539123535,1.6273834705352783,-2.0109012126922607,0.33707061409950256,0.08273310959339142,0.013421682640910149,0.3437755095601061,0.0657145267554244,0.3437755095601061,0.0657145267554244,2.429875901468952,0.0,1.984580757889844,True
16.17577600479126,4.066230297088623,1.6322439908981323,-2.0112860202789307,0.33736705780029297,0.08199342340230942,0.014500054530799389,0.34383747468333187,0.06538953282742666,0.34383747468333187,0.06538953282742666,2.478567492252756,0.0,1.9684282425652422,True
16.22589874267578,4.081799507141113,1.6368387937545776,-2.0115582942962646,0.33755195140838623,0.08104955404996872,0.01534243207424879,0.34389112133301786,0.06510680969237824,0.34389112133301786,0.06510680969237824,2.5270314103906966,0.0,1.9522753884956154,True
16.275957107543945,4.09993314743042,1.6418513059616089,-2.0117318630218506,0.33770203590393066,0.08000270277261734,0.0164937824010849,0.34394326415312004,0.06483078777631084,0.34394326415312004,0.06483078777631084,2.5830286397040307,0.0,1.9335264495928355,True
16.326048851013184,4.1307573318481445,1.6496572494506836,-2.011793613433838,0.33761462569236755,0.07751519232988358,0.018250122666358948,0.34400993975032135,0.06447605255426427,0.34400993975032135,0.06447605255426427,2.67748118419353,0.0,1.9017907864173516,True
16.376123905181885,4.14619255065918,1.6532962322235107,-2.011735200881958,0.33765217661857605,0.07635317742824554,0.01873423159122467,0.3440349824531654,0.06434229439839825,0.3440349824531654,0.06434229439839825,2.724645794671053,0.0,1.885949512002358,True
16.42622423171997,4.164312362670898,1.6574292182922363,-2.011690855026245,0.33774125576019287,0.07496600598096848,0.01935228891670704,0.3440601602346403,0.06420752400858946,0.3440601602346403,0.06420752400858946,2.7801948915171035,0.0,1.8673788695181188,True
16.47631287574768,4.179896354675293,1.6609514951705933,-2.011547803878784,0.3376099765300751,0.0738428384065628,0.019771087914705276,0.34408107551877815,0.06409534670973295,0.34408107551877815,0.06409534670973295,2.8284152770854742,0.0,1.8514132894498039,True
16.526422262191772,4.179896354675293,1.6609514951705933,-2.011547803878784,0.3376099765300751,0.0738428384065628,0.019771087914705276,0.34408107551877815,0.06409534670973295,0.34408107551877815,0.06409534670973295,2.8284152770854742,0.0,1.8514132894498039,True
16.57648801803589,4.195446968078613,1.6645854711532593,-2.0114493370056152,0.3375001549720764,0.07286688685417175,0.020123176276683807,0.34410635718032695,0.0639594789541412,0.344106357180327,0.06395947895414121,2.8774382442628674,0.0,1.8354603104339113,True
16.62656879425049,4.210865020751953,1.6683322191238403,-2.0112221240997314,0.33740872144699097,0.07221757620573044,0.020650338381528854,0.3441367630014164,0.0637956765847572,0.3441367630014164,0.0637956765847572,2.9270264918473057,0.0,1.819617402323968,True
16.676703453063965,4.228645324707031,1.6726961135864258,-2.010734796524048,0.33723676204681396,0.07152271270751953,0.020801760256290436,0.34417388797543613,0.06359508499775686,0.3441738879754362,0.06359508499775687,2.9849816223315795,0.0,1.8013398401588991,True
16.726728200912476,4.243729114532471,1.6763949394226074,-2.0101394653320312,0.3367966115474701,0.07100675255060196,0.02096908539533615,0.3442057706721361,0.06342229447127282,0.3442057706721361,0.06342229447127282,3.0346621032574514,0.0,1.7858352831020552,True
16.77678894996643,4.258643627166748,1.6800552606582642,-2.0093421936035156,0.33617374300956726,0.07055380940437317,0.021059447899460793,0.3442378626576987,0.06324787674585904,0.3442378626576987,0.06324787674585904,3.084269459072976,0.0,1.7705046324252955,True
16.826859951019287,4.2734575271606445,1.6836531162261963,-2.0083723068237305,0.33577096462249756,0.07006783783435822,0.020904937759041786,0.3442688681411286,0.06307889051676624,0.3442688681411286,0.06307889051676624,3.1338818892602855,0.0,1.7552846667682234,True
16.876994132995605,4.290753364562988,1.6877233982086182,-2.0071446895599365,0.33543336391448975,0.06935551017522812,0.020377596840262413,0.3443010058581014,0.0629032381129907,0.3443010058581014,0.0629032381129907,3.1919545169915207,0.0,1.737538700800393,True
16.927016496658325,4.3056840896606445,1.691162109375,-2.0061910152435303,0.33523276448249817,0.06887151300907135,0.019778631627559662,0.3443265194674668,0.06276342877361127,0.3443265194674668,0.06276342877361127,3.2423402221786457,0.0,1.722233214960964,True
16.9771831035614,4.32068395614624,1.6944769620895386,-2.0053255558013916,0.33516305685043335,0.06826407462358475,0.018786955624818802,0.34434750667441894,0.06264818151479713,0.34434750667441894,0.06264818151479713,3.292958287074276,0.0,1.7068821581581666,True
17.027169704437256,4.35353946685791,1.7012014389038086,-2.003598928451538,0.3353802561759949,0.06677702069282532,0.0166627187281847,0.34437498757113616,0.062496943408296146,0.34437498757113616,0.062496943408296146,3.4036554240703847,0.0,1.6733537782870929,True
17.07737421989441,4.368803024291992,1.7041873931884766,-2.002877712249756,0.33539071679115295,0.06585277616977692,0.015623665414750576,0.3443829943406509,0.06245280785494897,0.3443829943406509,0.06245280785494897,3.4553763904134396,0.0,1.6578023621371698,True
17.127371072769165,4.368803024291992,1.7041873931884766,-2.002877712249756,0.33539071679115295,0.06585277616977692,0.015623665414750576,0.3443829943406509,0.06245280785494897,0.3443829943406509,0.06245280785494897,3.4553763904134396,0.0,1.6578023621371698,True
17.177482843399048,4.3996453285217285,1.7096807956695557,-2.002061605453491,0.335775226354599,0.0639989823102951,0.013371698558330536,0.3443792248083605,0.062473590583483285,0.3443792248083605,0.062473590583483285,3.5595154687339825,0.0,1.626474812262824,True
17.227524042129517,4.3996453285217285,1.7096807956695557,-2.002061605453491,0.335775226354599,0.0639989823102951,0.013371698558330536,0.3443792248083605,0.062473590583483285,0.3443792248083605,0.062473590583483285,3.5595154687339825,0.0,1.626474812262824,True
17.27761220932007,4.41792631149292,1.7126210927963257,-2.0017879009246826,0.3361489176750183,0.06296400725841522,0.012020310387015343,0.34436484005929824,0.06255283311676561,0.34436484005929824,0.06255283311676561,3.621086032314798,0.0,1.6079626215095846,True
17.32765531539917,4.4337477684021,1.7151110172271729,-2.001647472381592,0.3366660475730896,0.06224841997027397,0.010668172501027584,0.34434998488546653,0.06263455842726888,0.34434998488546653,0.06263455842726888,3.6747384648120285,0.0,1.5919509368981002,True
17.37768793106079,4.449619293212891,1.7175476551055908,-2.0016896724700928,0.33714959025382996,0.06144306808710098,0.009646819904446602,0.3443323641551769,0.06273135575855708,0.3443323641551769,0.06273135575855708,3.7288660428137543,0.0,1.5758996361171123,True
17.427772045135498,4.465640544891357,1.719948649406433,-2.001685619354248,0.3374934494495392,0.060819853097200394,0.008541984483599663,0.344311857197667,0.06284381427868117,0.344311857197667,0.06284381427868117,3.7838255634244486,0.0,1.5597075676070087,True
17.477826356887817,4.4847025871276855,1.7227263450622559,-2.0015385150909424,0.3383035361766815,0.06022777035832405,0.007611879613250494,0.34428366928516235,0.06299805602988809,0.34428366928516235,0.06299805602988809,3.8496278321952015,0.0,1.5404567274610685,True
17.52791714668274,4.501406192779541,1.7252310514450073,-2.0012917518615723,0.3391241729259491,0.05988602712750435,0.006925925146788359,0.344261205043502,0.0631206994732778,0.344261205043502,0.0631206994732778,3.908142736586802,0.0,1.5235751947736371,True
17.578020334243774,4.518484115600586,1.7279396057128906,-2.0010108947753906,0.3404143154621124,0.05967957526445389,0.006003596819937229,0.34424376908669474,0.06321572150174634,0.3442437690866948,0.06321572150174636,3.9690692903225138,0.0,1.5062888746410614,True
17.628080129623413,4.535826206207275,1.7308063507080078,-2.0007035732269287,0.34166190028190613,0.05971838906407356,0.005369273480027914,0.3442304845948805,0.06328802000042137,0.3442304845948805,0.06328802000042137,4.031952759324204,0.0,1.4887142503679207,True
17.6781964302063,4.556258678436279,1.7343060970306396,-2.000638484954834,0.34310203790664673,0.05974006652832031,0.004463958088308573,0.3442195892051626,0.06334725256417274,0.3442195892051626,0.06334725256417274,4.107258712405885,0.0,1.4679857811524097,True
17.728240489959717,4.591608047485352,1.7403918504714966,-2.000767469406128,0.34515470266342163,0.05986195057630539,0.0032727725338190794,0.34420131923980585,0.06344644854975928,0.34420131923980585,0.06344644854975928,4.2396799700077334,0.0,1.4321188090412182,True
17.77833127975464,4.609289169311523,1.743487000465393,-2.0009031295776367,0.34609857201576233,0.059977952390909195,0.0027712301816791296,0.34419408098996596,0.06348570399288915,0.34419408098996596,0.06348570399288915,4.307058551255187,0.0,1.4141695561439844,True
17.82847309112549,4.630045413970947,1.747175693511963,-2.0011744499206543,0.3471028804779053,0.06005628779530525,0.0022977935150265694,0.3441878166293882,0.06351965746046367,0.3441878166293882,0.06351965746046367,4.3871709556067255,0.0,1.393088546264447,True
17.878519296646118,4.647891998291016,1.750424861907959,-2.0015642642974854,0.3478797972202301,0.060319773852825165,0.002199829090386629,0.3441857989635469,0.06353058941820763,0.3441857989635469,0.06353058941820763,4.457035235217054,0.0,1.3749486528009416,True
17.92863368988037,4.647891998291016,1.750424861907959,-2.0015642642974854,0.3478797972202301,0.060319773852825165,0.002199829090386629,0.3441857989635469,0.06353058941820763,0.3441857989635469,0.06353058941820763,4.457035235217054,0.0,1.3749486528009416,True
17.978662252426147,4.683840274810791,1.7568529844284058,-2.0021228790283203,0.3491964340209961,0.06061822921037674,0.002525242744013667,0.3441761190378854,0.06358300939731697,0.3441761190378855,0.06358300939731698,4.599350479969877,0.0,1.3384307577874572,True
